https://numermodels.s3.us-west-1.amazonaws.com/md3_ne500_ni0_target_nomi_20.pkl,
https://numermodels.s3.us-west-1.amazonaws.com/md3_ne500_ni1_target_nomi_20.pkl,
https://numermodels.s3.us-west-1.amazonaws.com/md3_ne500_ni2_target_nomi_20.pkl,
https://numermodels.s3.us-west-1.amazonaws.com/md3_ne500_ni3_target_nomi_20.pkl,
https://numermodels.s3.us-west-1.amazonaws.com/md3_ne500_ni4_target_nomi_20.pkl,
https://numermodels.s3.us-west-1.amazonaws.com/md3_ne500_ni5_target_nomi_20.pkl,
https://numermodels.s3.us-west-1.amazonaws.com/md3_ne500_ni6_target_nomi_20.pkl,
https://numermodels.s3.us-west-1.amazonaws.com/md3_ne500_ni7_target_nomi_20.pkl,
https://numermodels.s3.us-west-1.amazonaws.com/md3_ne500_ni8_target_nomi_20.pkl,
https://numermodels.s3.us-west-1.amazonaws.com/md3_ne500_ni9_target_nomi_20.pkl,
https://numermodels.s3.us-west-1.amazonaws.com/md3_ne500_ni10_target_nomi_20.pkl,
https://numermodels.s3.us-west-1.amazonaws.com/md3_ne500_ni11_target_nomi_20.pkl,
https://numermodels.s3.us-west-1.amazonaws.com/md3_ne500_ni12_target_nomi_20.pkl,
https://numermodels.s3.us-west-1.amazonaws.com/md3_ne500_ni13_target_nomi_20.pkl,
https://numermodels.s3.us-west-1.amazonaws.com/md3_ne500_ni14_target_nomi_20.pkl,
https://numermodels.s3.us-west-1.amazonaws.com/md3_ne500_ni15_target_nomi_20.pkl,
https://numermodels.s3.us-west-1.amazonaws.com/md3_ne500_ni16_target_nomi_20.pkl,
https://numermodels.s3.us-west-1.amazonaws.com/md3_ne500_ni17_target_nomi_20.pkl,
https://numermodels.s3.us-west-1.amazonaws.com/md3_ne500_ni18_target_nomi_20.pkl,
https://numermodels.s3.us-west-1.amazonaws.com/md3_ne500_ni19_target_nomi_20.pkl,
https://numermodels.s3.us-west-1.amazonaws.com/md3_ne500_ni20_target_nomi_20.pkl,
https://numermodels.s3.us-west-1.amazonaws.com/md4_ne500_ni0_target_nomi_20.pkl,
https://numermodels.s3.us-west-1.amazonaws.com/md4_ne500_ni1_target_nomi_20.pkl,
https://numermodels.s3.us-west-1.amazonaws.com/md4_ne500_ni2_target_nomi_20.pkl,
https://numermodels.s3.us-west-1.amazonaws.com/md4_ne500_ni3_target_nomi_20.pkl,
https://numermodels.s3.us-west-1.amazonaws.com/md4_ne500_ni4_target_nomi_20.pkl,
https://numermodels.s3.us-west-1.amazonaws.com/md4_ne500_ni5_target_nomi_20.pkl,
https://numermodels.s3.us-west-1.amazonaws.com/md4_ne500_ni6_target_nomi_20.pkl,
https://numermodels.s3.us-west-1.amazonaws.com/md4_ne500_ni7_target_nomi_20.pkl,
https://numermodels.s3.us-west-1.amazonaws.com/md4_ne500_ni8_target_nomi_20.pkl,
https://numermodels.s3.us-west-1.amazonaws.com/md4_ne500_ni9_target_nomi_20.pkl,
https://numermodels.s3.us-west-1.amazonaws.com/md4_ne500_ni10_target_nomi_20.pkl,
https://numermodels.s3.us-west-1.amazonaws.com/md4_ne500_ni11_target_nomi_20.pkl,
https://numermodels.s3.us-west-1.amazonaws.com/md4_ne500_ni12_target_nomi_20.pkl,
https://numermodels.s3.us-west-1.amazonaws.com/md4_ne500_ni13_target_nomi_20.pkl,
https://numermodels.s3.us-west-1.amazonaws.com/md4_ne500_ni14_target_nomi_20.pkl,
https://numermodels.s3.us-west-1.amazonaws.com/md4_ne500_ni15_target_nomi_20.pkl,
https://numermodels.s3.us-west-1.amazonaws.com/md4_ne500_ni16_target_nomi_20.pkl,
https://numermodels.s3.us-west-1.amazonaws.com/md4_ne500_ni17_target_nomi_20.pkl,
https://numermodels.s3.us-west-1.amazonaws.com/md4_ne500_ni18_target_nomi_20.pkl,
https://numermodels.s3.us-west-1.amazonaws.com/md4_ne500_ni19_target_nomi_20.pkl,
https://numermodels.s3.us-west-1.amazonaws.com/md4_ne500_ni20_target_nomi_20.pkl,
https://numermodels.s3.us-west-1.amazonaws.com/md5_ne500_ni0_target_nomi_20.pkl,
https://numermodels.s3.us-west-1.amazonaws.com/md5_ne500_ni1_target_nomi_20.pkl,
https://numermodels.s3.us-west-1.amazonaws.com/md5_ne500_ni2_target_nomi_20.pkl,
https://numermodels.s3.us-west-1.amazonaws.com/md5_ne500_ni3_target_nomi_20.pkl,
https://numermodels.s3.us-west-1.amazonaws.com/md5_ne500_ni4_target_nomi_20.pkl,
https://numermodels.s3.us-west-1.amazonaws.com/md5_ne500_ni5_target_nomi_20.pkl,
https://numermodels.s3.us-west-1.amazonaws.com/md5_ne500_ni6_target_nomi_20.pkl,
https://numermodels.s3.us-west-1.amazonaws.com/md5_ne500_ni7_target_nomi_20.pkl,
https://numermodels.s3.us-west-1.amazonaws.com/md5_ne500_ni8_target_nomi_20.pkl,
https://numermodels.s3.us-west-1.amazonaws.com/md5_ne500_ni9_target_nomi_20.pkl,
https://numermodels.s3.us-west-1.amazonaws.com/md5_ne500_ni10_target_nomi_20.pkl,
https://numermodels.s3.us-west-1.amazonaws.com/md5_ne500_ni11_target_nomi_20.pkl,
https://numermodels.s3.us-west-1.amazonaws.com/md5_ne500_ni12_target_nomi_20.pkl,
https://numermodels.s3.us-west-1.amazonaws.com/md5_ne500_ni13_target_nomi_20.pkl,
https://numermodels.s3.us-west-1.amazonaws.com/md5_ne500_ni14_target_nomi_20.pkl,
https://numermodels.s3.us-west-1.amazonaws.com/md5_ne500_ni15_target_nomi_20.pkl,
https://numermodels.s3.us-west-1.amazonaws.com/md5_ne500_ni16_target_nomi_20.pkl,
https://numermodels.s3.us-west-1.amazonaws.com/md5_ne500_ni17_target_nomi_20.pkl,
https://numermodels.s3.us-west-1.amazonaws.com/md5_ne500_ni18_target_nomi_20.pkl,
https://numermodels.s3.us-west-1.amazonaws.com/md5_ne500_ni19_target_nomi_20.pkl,
https://numermodels.s3.us-west-1.amazonaws.com/md5_ne500_ni20_target_nomi_20.pkl,
https://numermodels.s3.us-west-1.amazonaws.com/md6_ne500_ni0_target_nomi_20.pkl,
https://numermodels.s3.us-west-1.amazonaws.com/md6_ne500_ni1_target_nomi_20.pkl,
https://numermodels.s3.us-west-1.amazonaws.com/md6_ne500_ni2_target_nomi_20.pkl,
https://numermodels.s3.us-west-1.amazonaws.com/md6_ne500_ni3_target_nomi_20.pkl,
https://numermodels.s3.us-west-1.amazonaws.com/md6_ne500_ni4_target_nomi_20.pkl,
https://numermodels.s3.us-west-1.amazonaws.com/md6_ne500_ni5_target_nomi_20.pkl,
https://numermodels.s3.us-west-1.amazonaws.com/md6_ne500_ni6_target_nomi_20.pkl,
https://numermodels.s3.us-west-1.amazonaws.com/md6_ne500_ni7_target_nomi_20.pkl,
https://numermodels.s3.us-west-1.amazonaws.com/md6_ne500_ni8_target_nomi_20.pkl,
https://numermodels.s3.us-west-1.amazonaws.com/md6_ne500_ni9_target_nomi_20.pkl,
https://numermodels.s3.us-west-1.amazonaws.com/md6_ne500_ni10_target_nomi_20.pkl,
https://numermodels.s3.us-west-1.amazonaws.com/md6_ne500_ni11_target_nomi_20.pkl,
https://numermodels.s3.us-west-1.amazonaws.com/md6_ne500_ni12_target_nomi_20.pkl,
https://numermodels.s3.us-west-1.amazonaws.com/md6_ne500_ni13_target_nomi_20.pkl,
https://numermodels.s3.us-west-1.amazonaws.com/md6_ne500_ni14_target_nomi_20.pkl,
https://numermodels.s3.us-west-1.amazonaws.com/md6_ne500_ni15_target_nomi_20.pkl,
https://numermodels.s3.us-west-1.amazonaws.com/md6_ne500_ni16_target_nomi_20.pkl,
https://numermodels.s3.us-west-1.amazonaws.com/md6_ne500_ni17_target_nomi_20.pkl,
https://numermodels.s3.us-west-1.amazonaws.com/md6_ne500_ni18_target_nomi_20.pkl,
https://numermodels.s3.us-west-1.amazonaws.com/md6_ne500_ni19_target_nomi_20.pkl,
https://numermodels.s3.us-west-1.amazonaws.com/md6_ne500_ni20_target_nomi_20.pkl,