"feature_unvaried_social_bangkok",
"feature_communicatory_unrecommended_velure",
"feature_antarthritic_rhinocerotic_marquette",
"feature_antediluvial_contributive_statecraft",
"feature_sudsy_polymeric_posteriority",
"feature_fragrant_fifteen_brian",
"feature_undivorced_unsatisfying_praetorium",
"feature_exorbitant_myeloid_crinkle",
"feature_attuned_southward_heckle",
"feature_nubblier_plosive_deepening",
"feature_unstitched_peppercorny_value",
"feature_gay_deceased_reen",
"feature_christadelphian_euclidean_boon",
"feature_flintier_enslaved_borsch",
"feature_rowable_unshod_noise",
"feature_reported_slimy_rhapsody",
"feature_haziest_lifelike_horseback",
"feature_dirtiest_possessory_nuku'alofa",
"feature_lofty_acceptable_challenge",
"feature_massed_nonracial_ecclesiologist",
"feature_introvert_symphysial_assegai",
"feature_silver_handworked_scauper",
"feature_venatic_intermetallic_darling",
"feature_intersubjective_juristic_sagebrush",
"feature_jiggish_tritheist_probity",
"feature_bhutan_imagism_dolerite",
"feature_aberdeen_tangled_providence",
"feature_coactive_prefatorial_lucy",
"feature_prevailing_nubile_hearst",
"feature_canalicular_peeling_lilienthal",
"feature_branched_dilatory_sunbelt",
"feature_unaired_operose_lactoprotein",
"feature_gullable_sanguine_incongruity",
"feature_moralistic_heartier_typhoid",
"feature_travelled_semipermeable_perruquier",
"feature_beery_somatologic_elimination",
"feature_precooled_inoperable_credence",
"feature_cambial_bigoted_bacterioid",
"feature_headhunting_unsatisfied_phenomena",
"feature_intermontane_vertical_moo",
"feature_antichristian_slangiest_idyllist",
"feature_buxom_curtained_sienna",
"feature_unwarrantable_egotistic_guayule",
"feature_unforbidden_highbrow_kafir",
"feature_thumblike_aniconic_plantagenet",
"feature_patristical_analysable_langouste",
"feature_unwonted_trusted_fixative",
"feature_glare_factional_assessment",
"feature_tricksy_dithyrambic_pallet",
"feature_vedic_mitral_swiz",
"feature_kenotic_hispanic_yulan",
"feature_twilled_eliminable_orthoepy",
"feature_gory_ratite_santir",
"feature_temporary_dreamful_aldershot",
"feature_cromwellian_imbecilic_algonkian",
"feature_dipped_sent_giuseppe",
"feature_conjugal_postvocalic_rowe",
"feature_casemated_ibsenian_grantee",
"feature_madrigalian_distichal_otranto",
"feature_induplicate_hoarse_disbursement",
"feature_deathy_hylomorphic_christine",
"feature_gregorian_electromagnetic_hepar",
"feature_dreary_penal_acroterium",
"feature_ectodermal_unfeigning_chester",
"feature_dentilingual_removed_osmometer",
"feature_hillier_unpitied_theobromine",
"feature_creedal_greediest_vibrant",
"feature_calefactive_anapaestic_jerome",
"feature_jammed_morphotic_destruction",
"feature_whitened_remanent_blast",
"feature_draconic_contractible_romper",
"feature_escutcheoned_timocratic_kotwal",
"feature_uncharged_unovercome_smolder",
"feature_conscionable_insouciant_pariah",
"feature_accusatory_disinfectant_deportment",
"feature_apomictical_motorized_vaporisation",
"feature_stereo_orthotone_infernal",
"feature_congealed_lee_steek",
"feature_puberulent_nondescript_laparoscope",
"feature_titillative_pledged_breccia",
"feature_gone_honduran_worshipper",
"feature_obverse_plumy_ultramontanism",
"feature_unco_terefah_thirster",
"feature_teriyaki_splashy_inaptitude",
"feature_interoceptive_fifteenth_trey",
"feature_westering_immunosuppressive_crapaud",
"feature_scenic_cormophytic_bilirubin",
"feature_peltate_okay_info",
"feature_aesthetical_daltonian_anemology",
"feature_unlike_creeping_mammock",
"feature_umbonate_haired_grisette",
"feature_indirect_concrete_canaille",
"feature_integrated_extroversive_ambivalence",
"feature_eyed_scotistic_diabolism",
"feature_plausive_carboxyl_elaborator",
"feature_hypertrophied_embryologic_forfeiter",
"feature_revitalizing_dashing_photomultiplier",
"feature_hexametric_ventricose_limnology",
"feature_apogamic_obeisant_pondicherry",
"feature_protolithic_ontogenic_fusibility",
"feature_grandmotherly_circumnavigable_homonymity",
"feature_slack_calefacient_tableau",
"feature_widespread_mannish_seaquake",
"feature_pozzolanic_keltic_nymphomania",
"feature_crowning_frustrate_kampala",
"feature_yearning_tippy_taking",
"feature_supergene_legible_antarthritic",
"feature_interrogatory_isohyetal_atacamite",
"feature_muddier_besieged_escarp",
"feature_heliotropic_inane_papistry",
"feature_vulcanological_sepulchral_spean",
"feature_twisty_adequate_minutia",
"feature_close_abloom_boomlet",
"feature_univalve_abdicant_distrail",
"feature_autarkic_constabulary_dukedom",
"feature_crawlier_residuary_biracialism",
"feature_unweary_congolese_captain",
"feature_pseudo_ungeared_dullard",
"feature_attainable_solonian_impropriator",
"feature_qualifiable_dragging_mankind",
"feature_stupid_untidying_fraud",
"feature_planned_superimposed_bend",
"feature_renegade_undomestic_milord",
"feature_unfathered_roofed_taskmaster",
"feature_sulpha_wiring_ambiance",
"feature_basaltic_arid_scallion",
"feature_jerkwater_eustatic_electrocardiograph",
"feature_haploid_occluded_moral",
"feature_nebule_barmier_bibliomania",
"feature_bushwhacking_unaligned_imperturbability",
"feature_theocratical_shredded_categorist",
"feature_unbreakable_nosological_comedian",
"feature_perigean_bewitching_thruster",
"feature_naval_edified_decarbonize",
"feature_pansophic_merino_pintado",
"feature_huskiest_compartmental_jacquerie",
"feature_unsolvable_majuscular_caique",
"feature_polybasic_unbreathed_magdeburg",
"feature_exterminated_grumbling_lawing",
"feature_bleeding_arabesque_pneuma",
"feature_forficate_martensitic_huckaback",
"feature_rimmed_conditional_archipelago",
"feature_clawed_unwept_adaptability",
"feature_more_hindoo_diageotropism",
"feature_leukemic_paler_millikan",
"feature_hellenistic_scraggly_comfort",
"feature_epitaxial_loathsome_essen",
"feature_barest_kempt_crowd",
"feature_prepotent_swedish_superexcellence",
"feature_upturned_epicanthic_galilee",
"feature_intended_involute_highbinder",
"feature_polaroid_squalliest_applause",
"feature_inseminated_filarial_mesoderm",
"feature_demure_groutiest_housedog",
"feature_faltering_tergal_tip",
"feature_unfearing_phraseological_adder",
"feature_covalent_unreformed_frogbit",
"feature_randomized_dystonic_knar",
"feature_daytime_suppurative_oximeter",
"feature_store_apteral_isocheim",
"feature_demisable_expiring_millepede",
"feature_amygdaloidal_intersectional_canonry",
"feature_unrelieved_rawish_cement",
"feature_devoted_straggly_charlotte",
"feature_chinked_preborn_hideaway",
"feature_subapostolic_dungy_fermion",
"feature_conceding_ingrate_tablespoonful",
"feature_petalled_backmost_crimplene",
"feature_lowermost_tetrastichic_transvestism",
"feature_unemotional_quietistic_chirper",
"feature_unabolished_monographical_egestion",
"feature_incommensurable_diffused_curability",
"feature_interfertile_neozoic_solder",
"feature_unrated_intact_balmoral",
"feature_reserved_cleanable_soldan",
"feature_assertive_worsened_scarper",
"feature_congenial_transmigrant_isobel",
"feature_chuffier_analectic_conchiolin",
"feature_hypertensive_seared_adenauer",
"feature_untumbled_histologic_inion",
"feature_severe_tricky_pinochle",
"feature_liege_unexercised_ennoblement",
"feature_coalier_typhoid_muntin",
"feature_phellogenetic_vibrational_jocelyn",
"feature_hemispherical_unabsolved_aeolipile",
"feature_incitant_trochoidal_oculist",
"feature_instrumentalist_extrovert_cassini",
"feature_extractable_serrulate_swing",
"feature_limitable_astable_physiology",
"feature_hagiographical_swelling_homager",
"feature_stylistic_honduran_comprador",
"feature_impractical_endorsed_tide",
"feature_bipinnate_oriented_earmuff",
"feature_driving_neurasthenic_perimysium",
"feature_spagyric_echt_alum",
"feature_rationalist_crippled_dreadnaught",
"feature_armoured_finable_skywriter",
"feature_base_ingrain_calligrapher",
"feature_frequentative_participial_waft",
"feature_unbenign_unpromising_aglet",
"feature_unsurveyed_boyish_aleph",
"feature_discrepant_ventral_shicker",
"feature_isotopic_hymenial_starwort",
"feature_hibernating_soritic_croupe",
"feature_hypertensive_aroused_urquhart",
"feature_bloodied_twinkling_andante",
"feature_tonal_graptolitic_corsac",
"feature_encased_jutting_gasometer",
"feature_arillate_nickelic_hemorrhage",
"feature_cairned_fumiest_ordaining",
"feature_flakiest_fleecy_novelese",
"feature_emmetropic_heraclitean_conducting",
"feature_watery_behaviorist_incitation",
"feature_brushed_psychiatrical_lubbock",
"feature_gutta_exploitive_simpson",
"feature_mobile_savoyard_maidenhead",
"feature_auxetic_cholagogue_sexton",
"feature_aztecan_encomiastic_pitcherful",
"feature_croupiest_shaded_thermotropism",
"feature_malacological_differential_defeated",
"feature_piffling_inflamed_jupiter",
"feature_mucky_loanable_gastrostomy",
"feature_unluckiest_mulley_benzyl",
"feature_unsparred_scarabaeid_anthologist",
"feature_rheumy_epistemic_prancer",
"feature_revealable_aeonian_elvira",
"feature_churrigueresque_talc_archaicism",
"feature_lipogrammatic_blowsier_seismometry",
"feature_undirected_perdu_ylem",
"feature_congenital_conched_perithecium",
"feature_unheaded_unmated_behaviour",
"feature_curvier_antinodal_absolute",
"feature_culinary_pro_offering",
"feature_persuasible_ablest_menology",
"feature_inhabited_collectable_soda",
"feature_voltairean_consolidative_parallel",
"feature_antinomical_swart_coo",
"feature_endangered_unthreaded_firebrick",
"feature_indefatigable_enterprising_calf",
"feature_dismaying_chaldean_tallith",
"feature_roasting_slaked_reposition",
"feature_strychnic_structuralist_chital",
"feature_loricate_cryptocrystalline_ethnology",
"feature_epicurean_fetal_seising",
"feature_embryo_sloping_albertine",
"feature_faustian_unventilated_lackluster",
"feature_hypersonic_volcanological_footwear",
"feature_saving_inhabitable_lighthouse",
"feature_fescennine_intramundane_flamen",
"feature_placable_conscionable_mickey",
"feature_tiniest_rangiest_investment",
"feature_deliberative_connatural_kinetoscope",
"feature_verism_awing_countrywoman",
"feature_direst_interrupted_paloma",
"feature_beady_unkind_barret",
"feature_innumerate_alated_soliped",
"feature_petitionary_evanescent_diallage",
"feature_commensurable_industrial_jungfrau",
"feature_winsome_irreproachable_milkfish",
"feature_busty_unfitted_keratotomy",
"feature_calculating_unenchanted_microscopium",
"feature_exacerbating_presentationism_apagoge",
"feature_otherworldly_hallstatt_tolerator",
"feature_acerb_venusian_piety",
"feature_resupine_pectic_marathonian",
"feature_untouchable_unsolvable_agouti",
"feature_ratlike_matrilinear_collapsability",
"feature_guttering_liberating_conurbation",
"feature_opposable_argumentative_mesoblast",
"feature_paraffinoid_irreplevisable_ombu",
"feature_unmechanized_completed_specializer",
"feature_ruthenian_uncluttered_vocalizing",
"feature_enlightening_mirthful_laurencin",
"feature_caespitose_unverifiable_intent",
"feature_newish_vortical_upthrow",
"feature_steepled_transistorized_shelter",
"feature_synoptic_botryose_earthwork",
"feature_mandibulate_whining_localizer",
"feature_ambisexual_boiled_blunderer",
"feature_pert_performative_hormuz",
"feature_flavourful_seismic_erica",
"feature_antiperspirant_degradable_voltaire",
"feature_interdigital_sewn_glucagon",
"feature_aliped_subclavicular_nasopharynx",
"feature_nonclinical_stewed_disreputability",
"feature_behaviorist_microbiological_farina",
"feature_wispy_reverberating_fyrd",
"feature_ctenoid_moaning_fontainebleau",
"feature_delimited_doable_jim",
"feature_casuistic_barbarian_monochromy",
"feature_agile_unrespited_gaucho",
"feature_subglobular_unsalable_patzer",
"feature_assenting_darn_arthropod",
"feature_unsealed_suffixal_babar",
"feature_whopping_eminent_attempter",
"feature_unexceptionable_saprozoic_culturist",
"feature_adducent_ailing_gene",
"feature_tossing_denominative_threshing",
"feature_mattery_past_moro",
"feature_palmary_hale_recital",
"feature_gainly_tritheism_syndactyl",
"feature_volitional_ascensive_selfhood",
"feature_encompassing_skeptical_salience",
"feature_mortal_sovran_powerboat",
"feature_reclinate_cruciform_lilo",
"feature_atlantic_uveal_incommunicability",
"feature_invalid_chromatographic_cornishman",
"feature_equiprobable_unsisterly_mississauga",
"feature_unstacked_trackable_blizzard",
"feature_passerine_ultraist_neon",
"feature_malagasy_abounding_circumciser",
"feature_theocratic_discriminate_subchloride",
"feature_biannual_maleficent_thack",
"feature_maximal_unobserving_desalinisation",
"feature_hotfoot_behaviorist_terylene",
"feature_calceolate_pudgy_armure",
"feature_imperviable_surprised_running",
"feature_bareheaded_satisfied_copartner",
"feature_galvanometric_sturdied_billingsgate",
"feature_multilinear_sharpened_mouse",
"feature_unapplicable_jerkiest_klemperer",
"feature_covalent_methodological_brash",
"feature_heliocentric_stealthy_waning",
"feature_telial_gnarliest_darmstadt",
"feature_antipodal_unable_thievery",
"feature_unnourishing_indiscreet_occiput",
"feature_seclusive_emendatory_plangency",
"feature_imparipinnate_autoerotic_joel",
"feature_jumping_homemaking_shaveling",
"feature_undersexed_agone_metaplasm",
"feature_unscheduled_malignant_shingling",
"feature_unlawful_superintendent_brunet",
"feature_fissirostral_multifoliate_chillon",
"feature_passable_premed_independent",
"feature_dichasial_hammier_spawner",
"feature_levigate_kindly_dyspareunia",
"feature_intrusive_effluent_hokkaido",
"feature_parallelism_later_triennial",
"feature_contaminative_intrusive_tagrag",
"feature_undisguised_whatever_gaul",
"feature_enslaved_fattest_radiotelegraph",
"feature_biochemical_searching_sodalite",
"feature_dissilient_stunning_ribwort",
"feature_chillier_consultatory_latest",
"feature_unaimed_yonder_filmland",
"feature_necrophiliac_unsublimated_rudd",
"feature_registered_arrayed_galactagogue",
"feature_unknown_reusable_cabbage",
"feature_calycled_living_birmingham",
"feature_aggrieved_rammish_tommy",
"feature_chafed_undenominational_backstitch",
"feature_midget_noncognizable_plenary",
"feature_unawakening_escapism_totemist",
"feature_unsafe_perspectivist_dairyman",
"feature_terrific_epigamic_affectivity",
"feature_submediant_serbonian_rangefinder",
"feature_subject_shaggier_relapse",
"feature_antiscorbutic_visored_convalescent",
"feature_voltairean_dyslogistic_epagoge",
"feature_whistleable_unbedimmed_chokey",
"feature_extrorse_idling_vinificator",
"feature_avowed_cloying_anthropologist",
"feature_unrequired_waxing_skeptic",
"feature_pronominal_rampant_megaspore",
"feature_hydroponic_constitutive_etaerio",
"feature_spicier_caller_billfold",
"feature_wiliest_specialistic_azrael",
"feature_roiling_trimeric_kurosawa",
"feature_few_lagoonal_alcyonarian",
"feature_axillary_reluctant_shorty",
"feature_irresponsive_compositive_ramson",
"feature_inelastic_verist_graf",
"feature_plutonian_unsegregated_meringue",
"feature_rusted_unassisting_menaquinone",
"feature_uncomplimentary_malignant_scoff",
"feature_unassimilated_waxed_vesicle",
"feature_secernent_condensed_lynchet",
"feature_squishiest_unsectarian_support",
"feature_undemocratic_unrhymed_subarea",
"feature_groggy_undescried_geosphere",
"feature_unkindled_apterygial_contributory",
"feature_hendecagonal_deathly_stiver",
"feature_autodidactic_gnarlier_pericardium",
"feature_undrossy_serpentiform_sack",
"feature_dyeline_catechistic_placet",
"feature_mouldiest_clostridial_paper",
"feature_parabolical_puberulent_heartburning",
"feature_sleaziest_neediest_yawn",
"feature_whatsoe'er_discredited_faerie",
"feature_citified_certified_progestin",
"feature_unflagging_goodlier_invalidism",
"feature_wale_planned_tolstoy",
"feature_fumarolic_known_sharkskin",
"feature_theban_byronic_prolation",
"feature_wicker_crescent_slavocrat",
"feature_reconciling_dauby_database",
"feature_unperfect_implemental_cellarage",
"feature_antisubmarine_foregoing_cryosurgery",
"feature_torturesome_estimable_preferrer",
"feature_phantasmagorial_lyophilized_chippendale",
"feature_hieroglyphic_scalar_synchroflash",
"feature_castrated_presented_quizzer",
"feature_padded_peripteral_pericranium",
"feature_merovingian_tenebrism_hartshorn",
"feature_macrobiotic_benignant_eurasia",
"feature_seismographic_matronly_dimeter",
"feature_splitting_sexagesimal_teutonisation",
"feature_dropping_naevoid_swag",
"feature_palmy_superfluid_argyrodite",
"feature_leadiest_unliveable_macadamia",
"feature_sulkier_inebriated_sadduceeism",
"feature_peaty_vulgar_branchia",
"feature_criticisable_authentical_deprecation",
"feature_bristly_encysted_vendue",
"feature_intercalative_helvetian_infirmarian",
"feature_distorted_bit_frilling",
"feature_wastable_nobler_peeling",
"feature_gymnastic_erective_tranche",
"feature_favoring_prescript_unorthodoxy",
"feature_tidied_tinnier_sacker",
"feature_continental_archival_katmandu",
"feature_nude_revived_unpredictability",
"feature_paramagnetic_complex_gish",
"feature_philologic_errhine_nubbin",
"feature_rubblier_chlorotic_stogy",
"feature_perceivable_gasiform_psammite",
"feature_pinioned_desiccated_renegade",
"feature_sexiest_academical_recce",
"feature_insociable_exultant_tatum",
"feature_unaltered_squeezable_subway",
"feature_rival_leninist_philippine",
"feature_abstersive_emotional_misinterpreter",
"feature_wombed_reverberatory_colourer",
"feature_interpenetrative_enabling_elm",
"feature_corticate_unuttered_langur",
"feature_coveted_finniest_lipogram",
"feature_seven_entomological_boothose",
"feature_earthlier_parian_pistachio",
"feature_tittering_virgilian_decliner",
"feature_ruthenic_pinchbeck_limitarian",
"feature_teenage_tapetal_infector",
"feature_undescribed_methylic_friday",
"feature_pedological_unremitted_pappoose",
"feature_unshingled_dotier_bose",
"feature_descendent_decanal_hon",
"feature_whitewashed_aliunde_mesopotamia",
"feature_hawaiian_adrenocorticotropic_right",
"feature_symphysial_cossack_bonaparte",
"feature_sorted_ignitable_sagitta",
"feature_lethal_stringy_substantial",
"feature_midnightly_falser_replacement",
"feature_vestmental_hoofed_transpose",
"feature_protanopic_reptant_nimiety",
"feature_ovular_powered_neckar",
"feature_bifacial_hexastyle_hemialgia",
"feature_vizierial_courtlier_hampton",
"feature_anoxic_froward_europe",
"feature_representable_ungored_zoffany",
"feature_himyarite_tetragonal_deceit",
"feature_leisurable_dehortatory_pretoria",
"feature_brawny_confocal_frail",
"feature_brachydactylic_azonic_strife",
"feature_gymnastic_neap_thoracostomy",
"feature_substandard_permissible_paresthesia",
"feature_unministerial_albinotic_salish",
"feature_myological_adducent_puebla",
"feature_gleetier_unpared_pentecost",
"feature_illiterate_stomachal_terpene",
"feature_nucleophilic_uremic_endogen",
"feature_uncertified_myrmecological_nagger",
"feature_sludgy_implemental_sicily",
"feature_euterpean_frazzled_williamsburg",
"feature_accessorial_aroused_crochet",
"feature_recidivism_petitory_methyltestosterone",
"feature_tranquilizing_abashed_glyceria",
"feature_inebriant_unhopeful_beecham",
"feature_nine_nimbused_cooperative",
"feature_echoic_dustproof_indiscernibility",
"feature_nipping_pinnate_attempter",
"feature_lost_quirky_botel",
"feature_treed_nomographic_trivet",
"feature_auroral_glary_quamash",
"feature_peculiar_sheenier_quintal",
"feature_scorbutic_intellectualism_mongoloid",
"feature_mephitic_televisionary_breeder",
"feature_unblunted_titubant_sequoia",
"feature_nobiliary_nativist_pull",
"feature_glued_antemundane_eschscholtzia",
"feature_prettyish_lapsed_manifest",
"feature_telephonic_shakable_bollock",
"feature_brittle_chautauqua_elite",
"feature_metabolic_minded_armorist",
"feature_inconsequential_scincoid_sextant",
"feature_salian_suggested_ephemeron",
"feature_plexiform_won_elk",
"feature_attributable_shagged_nourishment",
"feature_oblate_quivery_bottrop",
"feature_mailed_harried_grant",
"feature_transpiring_subsolar_biggy",
"feature_latin_throwback_lactoscope",
"feature_unsparing_moralistic_commissary",
"feature_juvenalian_paunchy_uniformitarianism",
"feature_unlike_guelfic_sculp",
"feature_oscillating_elaborated_mandatory",
"feature_coordinated_undecipherable_gag",
"feature_chopfallen_fasciate_orchidologist",
"feature_healthy_preterhuman_conto",
"feature_permanent_cottony_ballpen",
"feature_wry_bursal_treadler",
"feature_reclaimed_fallibilist_turpentine",
"feature_stockier_ghastlier_spectrogram",
"feature_crablike_panniered_gloating",
"feature_mellifluent_homeomorphic_emmanuel",
"feature_curling_aurorean_iseult",
"feature_cerebrovascular_weeny_advocate",
"feature_migrant_reliable_chirurgery",
"feature_overmerry_quinary_raisin",
"feature_horizontal_snug_description",
"feature_hypothetic_distressing_endemic",
"feature_equipotent_undefeated_anointer",
"feature_systematic_nappiest_bruiser",
"feature_fustiest_voiced_janet",
"feature_sumatran_lobose_novice",
"feature_preservable_panchromatic_roadhouse",
"feature_centric_shaggier_cranko",
"feature_investigatory_inerasable_circumvallation",
"feature_provable_downstair_titicaca",
"feature_misanthropic_knurliest_freebooty",
"feature_socialized_obconical_itemization",
"feature_tweedy_noncontroversial_poisoner",
"feature_caecilian_unexperienced_ova",
"feature_tortured_arsenical_arable",
"feature_unseasonable_weathered_med",
"feature_fictile_shadowy_esse",
"feature_urochordal_swallowed_curn",
"feature_stentorian_contraband_swarajism",
"feature_cachectical_metaphysic_patency",
"feature_planar_unessential_bride",
"feature_retinoscopy_flinty_wool",
"feature_tensed_cinnamonic_league",
"feature_septicemic_telangiectatic_flake",
"feature_desiderative_commiserative_epizoa",
"feature_waxiest_orthogonal_hiroshima",
"feature_festering_controvertible_hostler",
"feature_centroclinal_incentive_lancelet",
"feature_resonant_elusive_monetisation",
"feature_clerkish_flowing_chapati",
"feature_neptunian_supersensitive_stapler",
"feature_affined_pushier_haranguer",
"feature_sainted_nosiest_covenant",
"feature_unwrung_corkiest_jarvey",
"feature_adept_unsensitive_hieroglyph",
"feature_enorm_taboo_abysm",
"feature_hungry_thermoluminescent_shareholding",
"feature_subsidiary_enzymatic_hedonist",
"feature_newish_eosinophilic_sciaenoid",
"feature_conjunctional_maned_banian",
"feature_zoochemical_brimful_hector",
"feature_floricultural_unimpeded_nomen",
"feature_dermal_extortive_inversion",
"feature_fraternal_manx_tambourine",
"feature_unblamed_mammoth_commie",
"feature_hanseatic_responsible_enneahedron",
"feature_wavier_estranged_handstand",
"feature_questionable_diplex_caesarist",
"feature_foamy_undrilled_glaciology",
"feature_uncompromising_fancy_kyle",
"feature_subcordate_hypsometric_matriarchate",
"feature_pictographic_epithetic_pleiocene",
"feature_hyperbaric_populated_optimum",
"feature_fishier_groggier_corporeity",
"feature_unburied_exponent_pace",
"feature_wholesale_contrived_caracole",
"feature_invalid_extortionary_titillation",
"feature_restricted_aggregately_workmanship",
"feature_inexpugnable_gleg_candelilla",
"feature_overt_smart_stendhal",
"feature_eruptive_seasoned_pharmacognosy",
"feature_aloetic_presented_scarer",
"feature_publishable_apiarian_rollick",
"feature_shouted_weary_hagberry",
"feature_fustier_crossing_pharyngology",
"feature_dextrogyrate_permitted_mystagogy",
"feature_polymorphic_climactic_corslet",
"feature_unshaped_compound_trunkfish",
"feature_fierier_goofier_follicle",
"feature_uninclosed_handcrafted_springing",
"feature_compurgatorial_demeaning_purser",
"feature_outsized_admonishing_errantry",
"feature_amoebaean_wolfish_heeler",
"feature_uncurtailed_translucid_coccid",
"feature_gradely_dippy_gaol",
"feature_durative_cuboidal_mirepoix",
"feature_hitlerite_slippy_pterygoid",
"feature_mined_game_curse",
"feature_neurophysiological_runcinate_yardang",
"feature_perturbed_dry_grosvenor",
"feature_eradicable_douce_teleconference",
"feature_mazy_superrefined_punishment",
"feature_gnathic_terminological_defector",
"feature_vibrational_schooled_quadrivalence",
"feature_geodic_corky_clinic",
"feature_halting_disguisable_syllabicity",
"feature_afloat_brickiest_supernationalism",
"feature_trochaic_metonymic_dichogamy",
"feature_palatalized_unsucceeded_induration",
"feature_reminiscent_unpained_ukulele",
"feature_spookiest_expedite_overnighter",
"feature_scenographical_dissentient_trek",
"feature_sallowish_cognisant_romaunt",
"feature_diverticular_punjabi_matronship",
"feature_aristotelian_eurasian_nooky",
"feature_virtual_standard_instigator",
"feature_congenerical_anodal_chelation",
"feature_unnetted_bay_premillennialist",
"feature_unmown_circumventive_drayage",
"feature_arborescent_fungal_despiser",
"feature_compliable_buccaneerish_lyddite",
"feature_doggish_whacking_headscarf",
"feature_multicostate_undescended_monoacid",
"feature_contorted_weaponed_piaffe",
"feature_inoperable_monegasque_infuriation",