"feature_agile_unrespited_gaucho",
"feature_haziest_lifelike_horseback",
"feature_lofty_acceptable_challenge",
"feature_silver_handworked_scauper",
"feature_introvert_symphysial_assegai",
"feature_jiggish_tritheist_probity",
"feature_headhunting_unsatisfied_phenomena",
"feature_unvaried_social_bangkok",
"feature_exorbitant_myeloid_crinkle",
"feature_glare_factional_assessment",
"feature_subglobular_unsalable_patzer",
"feature_canalicular_peeling_lilienthal",
"feature_branched_dilatory_sunbelt",
"feature_grandmotherly_circumnavigable_homonymity",
"feature_undivorced_unsatisfying_praetorium",
"feature_unaired_operose_lactoprotein",
"feature_gullable_sanguine_incongruity",
"feature_moralistic_heartier_typhoid",
"feature_travelled_semipermeable_perruquier",
"feature_crowning_frustrate_kampala",
"feature_cambial_bigoted_bacterioid",
"feature_flintier_enslaved_borsch",
"feature_communicatory_unrecommended_velure",
"feature_beery_somatologic_elimination",
"feature_antichristian_slangiest_idyllist",
"feature_univalve_abdicant_distrail",
"feature_buxom_curtained_sienna",
"feature_assenting_darn_arthropod",
"feature_titillative_pledged_breccia",
"feature_unforbidden_highbrow_kafir",
"feature_store_apteral_isocheim",
"feature_mandibulate_whining_localizer",
"feature_apomictical_motorized_vaporisation",
"feature_bhutan_imagism_dolerite",
"feature_unsealed_suffixal_babar",
"feature_jammed_morphotic_destruction",
"feature_twisty_adequate_minutia",
"feature_slack_calefacient_tableau",
