'feature_buxom_curtained_sienna',
'feature_dentilingual_removed_osmometer',
'feature_haziest_lifelike_horseback',
'feature_hexametric_ventricose_limnology',
'feature_lofty_acceptable_challenge',
'feature_massed_nonracial_ecclesiologist',
'feature_silver_handworked_scauper',
'feature_introvert_symphysial_assegai',
'feature_apogamic_obeisant_pondicherry',
'feature_jiggish_tritheist_probity',
'feature_unvaried_social_bangkok',
'feature_exorbitant_myeloid_crinkle',
'feature_puberulent_nondescript_laparoscope',
'feature_vedic_mitral_swiz',
'feature_protolithic_ontogenic_fusibility',
'feature_communicatory_unrecommended_velure',
'feature_canalicular_peeling_lilienthal',
'feature_grandmotherly_circumnavigable_homonymity',
'feature_branched_dilatory_sunbelt',
'feature_undivorced_unsatisfying_praetorium',
'feature_slack_calefacient_tableau',
'feature_moralistic_heartier_typhoid',
'feature_travelled_semipermeable_perruquier',
'feature_close_abloom_boomlet',
'feature_more_hindoo_diageotropism',
'feature_gay_deceased_reen',
'feature_flintier_enslaved_borsch',
'feature_unweary_congolese_captain',
'feature_daytime_suppurative_oximeter',
'feature_rowable_unshod_noise',
'feature_induplicate_hoarse_disbursement',
'feature_attainable_solonian_impropriator',
'feature_qualifiable_dragging_mankind',
'feature_dyeline_catechistic_placet',
'feature_yearning_tippy_taking',
'feature_renegade_undomestic_milord',
'feature_coalier_typhoid_muntin',
'feature_apomictical_motorized_vaporisation',
'feature_vulcanological_sepulchral_spean',
'feature_beery_somatologic_elimination',
'feature_mouldiest_clostridial_paper',
'feature_cambial_bigoted_bacterioid',
'feature_supergene_legible_antarthritic',
'feature_intermontane_vertical_moo',
'feature_naval_edified_decarbonize',
'feature_huskiest_compartmental_jacquerie',
'feature_polybasic_unbreathed_magdeburg',
'feature_equiprobable_unsisterly_mississauga',
'feature_scenic_cormophytic_bilirubin',
'feature_dipped_sent_giuseppe',
'feature_forficate_martensitic_huckaback',
'feature_twisty_adequate_minutia',
'feature_stylistic_honduran_comprador',
'feature_uncharged_unovercome_smolder',
'feature_widespread_mannish_seaquake',
'feature_lofty_acceptable_challenge',
'feature_flintier_enslaved_borsch',
'feature_silver_handworked_scauper',
'feature_canalicular_peeling_lilienthal',
'feature_unvaried_social_bangkok',
'feature_undivorced_unsatisfying_praetorium',
'feature_intermontane_vertical_moo',
'feature_exorbitant_myeloid_crinkle',
'feature_moralistic_heartier_typhoid',
'feature_travelled_semipermeable_perruquier',
'feature_puberulent_nondescript_laparoscope',
'feature_pozzolanic_keltic_nymphomania',
'feature_haziest_lifelike_horseback',
'feature_close_abloom_boomlet',
'feature_more_hindoo_diageotropism',
'feature_leukemic_paler_millikan',
'feature_muddier_besieged_escarp',
'feature_gay_deceased_reen',
'feature_randomized_dystonic_knar',
'feature_unweary_congolese_captain',
'feature_attainable_solonian_impropriator',
'feature_titillative_pledged_breccia',
'feature_dyeline_catechistic_placet',
'feature_yearning_tippy_taking',
'feature_planned_superimposed_bend',
'feature_store_apteral_isocheim',
'feature_sudsy_polymeric_posteriority',
'feature_massed_nonracial_ecclesiologist',
'feature_apomictical_motorized_vaporisation',
'feature_rationalist_crippled_dreadnaught',
'feature_vulcanological_sepulchral_spean',
'feature_beery_somatologic_elimination',
'feature_voltairean_dyslogistic_epagoge',
'feature_cambial_bigoted_bacterioid',
'feature_supergene_legible_antarthritic',
'feature_headhunting_unsatisfied_phenomena',
'feature_naval_edified_decarbonize',
'feature_huskiest_compartmental_jacquerie',
'feature_parabolical_puberulent_heartburning',
'feature_vedic_mitral_swiz',
'feature_sleaziest_neediest_yawn',
'feature_twilled_eliminable_orthoepy',
'feature_protolithic_ontogenic_fusibility',
'feature_communicatory_unrecommended_velure',
'feature_grandmotherly_circumnavigable_homonymity',
'feature_branched_dilatory_sunbelt',
'feature_unaired_operose_lactoprotein',
"feature_whatsoe'er_discredited_faerie",
'feature_stylistic_honduran_comprador',
'feature_crowning_frustrate_kampala',
'feature_yearning_tippy_taking',
'feature_lofty_acceptable_challenge',
'feature_flintier_enslaved_borsch',
'feature_massed_nonracial_ecclesiologist',
'feature_silver_handworked_scauper',
'feature_supergene_legible_antarthritic',
'feature_haziest_lifelike_horseback',
'feature_canalicular_peeling_lilienthal',
'feature_unvaried_social_bangkok',
'feature_undivorced_unsatisfying_praetorium',
'feature_unaired_operose_lactoprotein',
'feature_exorbitant_myeloid_crinkle',
'feature_moralistic_heartier_typhoid',
'feature_buxom_curtained_sienna',
'feature_interrogatory_isohyetal_atacamite',
'feature_travelled_semipermeable_perruquier',
'feature_univalve_abdicant_distrail',
'feature_voltairean_consolidative_parallel',
'feature_enslaved_fattest_radiotelegraph',
'feature_epitaxial_loathsome_essen',
'feature_randomized_dystonic_knar',
'feature_unweary_congolese_captain',
'feature_dentilingual_removed_osmometer',
'feature_titillative_pledged_breccia',
'feature_dreary_penal_acroterium',
'feature_hexametric_ventricose_limnology',
'feature_barest_kempt_crowd',
'feature_unforbidden_highbrow_kafir',
'feature_sudsy_polymeric_posteriority',
'feature_introvert_symphysial_assegai',
'feature_renegade_undomestic_milord',
'feature_levigate_kindly_dyspareunia',
'feature_apogamic_obeisant_pondicherry',
'feature_apomictical_motorized_vaporisation',
'feature_demisable_expiring_millepede',
'feature_vulcanological_sepulchral_spean',
'feature_beery_somatologic_elimination',
'feature_basaltic_arid_scallion',
'feature_voltairean_dyslogistic_epagoge',
'feature_jerkwater_eustatic_electrocardiograph',
'feature_citified_certified_progestin',
'feature_intended_involute_highbinder',
'feature_strychnic_structuralist_chital',
'feature_headhunting_unsatisfied_phenomena',
'feature_intermontane_vertical_moo',
'feature_whopping_eminent_attempter',
'feature_naval_edified_decarbonize',
'feature_aberdeen_tangled_providence',
'feature_puberulent_nondescript_laparoscope',
'feature_unflagging_goodlier_invalidism',
'feature_wale_planned_tolstoy',
'feature_glare_factional_assessment',
'feature_fumarolic_known_sharkskin',
'feature_polaroid_squalliest_applause',
'feature_protolithic_ontogenic_fusibility',
'feature_bleeding_arabesque_pneuma',
'feature_communicatory_unrecommended_velure',
'feature_grandmotherly_circumnavigable_homonymity',
'feature_fragrant_fifteen_brian',
'feature_slack_calefacient_tableau',
'feature_twisty_adequate_minutia',
'feature_faltering_tergal_tip',
'feature_stylistic_honduran_comprador',
'feature_uncharged_unovercome_smolder',
'feature_muddier_besieged_escarp',
'feature_flintier_enslaved_borsch',
'feature_interrogatory_isohyetal_atacamite',
'feature_haziest_lifelike_horseback',
'feature_heliotropic_inane_papistry',
'feature_lofty_acceptable_challenge',
'feature_massed_nonracial_ecclesiologist',
'feature_silver_handworked_scauper',
'feature_introvert_symphysial_assegai',
'feature_vulcanological_sepulchral_spean',
'feature_unvaried_social_bangkok',
'feature_exorbitant_myeloid_crinkle',
'feature_puberulent_nondescript_laparoscope',
'feature_vedic_mitral_swiz',
'feature_twilled_eliminable_orthoepy',
'feature_canalicular_peeling_lilienthal',
'feature_grandmotherly_circumnavigable_homonymity',
'feature_branched_dilatory_sunbelt',
'feature_undivorced_unsatisfying_praetorium',
'feature_slack_calefacient_tableau',
'feature_moralistic_heartier_typhoid',
'feature_twisty_adequate_minutia',
'feature_travelled_semipermeable_perruquier',
'feature_close_abloom_boomlet',
'feature_more_hindoo_diageotropism',
'feature_gay_deceased_reen',
'feature_subapostolic_dungy_fermion',
'feature_draconic_contractible_romper',
'feature_dentilingual_removed_osmometer',
'feature_daytime_suppurative_oximeter',
'feature_attainable_solonian_impropriator',
'feature_hexametric_ventricose_limnology',
'feature_dyeline_catechistic_placet',
'feature_planned_superimposed_bend',
'feature_renegade_undomestic_milord',
'feature_apogamic_obeisant_pondicherry',
'feature_apomictical_motorized_vaporisation',
'feature_westering_immunosuppressive_crapaud',
'feature_beery_somatologic_elimination',
'feature_theban_byronic_prolation',
'feature_precooled_inoperable_credence',
'feature_jerkwater_eustatic_electrocardiograph',
'feature_unbreakable_nosological_comedian',
'feature_cromwellian_imbecilic_algonkian',
'feature_perigean_bewitching_thruster',
'feature_naval_edified_decarbonize',
'feature_huskiest_compartmental_jacquerie',
'feature_unemotional_quietistic_chirper',
'feature_coactive_prefatorial_lucy',
'feature_exterminated_grumbling_lawing',
'feature_wicker_crescent_slavocrat',
'feature_unwonted_trusted_fixative',
'feature_glare_factional_assessment',
'feature_reconciling_dauby_database',
'feature_protolithic_ontogenic_fusibility',
'feature_bleeding_arabesque_pneuma',
'feature_communicatory_unrecommended_velure',
'feature_prevailing_nubile_hearst',
'feature_unperfect_implemental_cellarage',
'feature_forficate_martensitic_huckaback',
'feature_faltering_tergal_tip',
'feature_stylistic_honduran_comprador',
'feature_uncharged_unovercome_smolder',
'feature_impractical_endorsed_tide',
'feature_incommensurable_diffused_curability',
'feature_interfertile_neozoic_solder',
'feature_muddier_besieged_escarp',
'feature_unrated_intact_balmoral',
'feature_flintier_enslaved_borsch',
'feature_buxom_curtained_sienna',
'feature_reserved_cleanable_soldan',
'feature_assertive_worsened_scarper',
'feature_congenial_transmigrant_isobel',
'feature_haziest_lifelike_horseback',
'feature_chuffier_analectic_conchiolin',
'feature_barest_kempt_crowd',
'feature_yearning_tippy_taking',
'feature_lofty_acceptable_challenge',
'feature_planned_superimposed_bend',
'feature_hypertensive_seared_adenauer',
'feature_massed_nonracial_ecclesiologist',
'feature_untumbled_histologic_inion',
'feature_renegade_undomestic_milord',
'feature_severe_tricky_pinochle',
'feature_apomictical_motorized_vaporisation',
'feature_liege_unexercised_ennoblement',
'feature_sudsy_polymeric_posteriority',
'feature_coalier_typhoid_muntin',
'feature_phellogenetic_vibrational_jocelyn',
'feature_hemispherical_unabsolved_aeolipile',
'feature_vulcanological_sepulchral_spean',
'feature_westering_immunosuppressive_crapaud',
'feature_precooled_inoperable_credence',
'feature_basaltic_arid_scallion',
'feature_incitant_trochoidal_oculist',
'feature_instrumentalist_extrovert_cassini',
'feature_intended_involute_highbinder',
'feature_headhunting_unsatisfied_phenomena',
'feature_unvaried_social_bangkok',
'feature_intermontane_vertical_moo',
'feature_exorbitant_myeloid_crinkle',
'feature_unrelieved_rawish_cement',
'feature_patristical_analysable_langouste',
'feature_huskiest_compartmental_jacquerie',
'feature_puberulent_nondescript_laparoscope',
'feature_vedic_mitral_swiz',
'feature_extractable_serrulate_swing',
'feature_bleeding_arabesque_pneuma',
'feature_fragrant_fifteen_brian',
'feature_undivorced_unsatisfying_praetorium',
'feature_limitable_astable_physiology',
'feature_gullable_sanguine_incongruity',
'feature_moralistic_heartier_typhoid',
'feature_hagiographical_swelling_homager',
'feature_stylistic_honduran_comprador',
'feature_uncharged_unovercome_smolder',
'feature_impractical_endorsed_tide',
'feature_close_abloom_boomlet',
'feature_more_hindoo_diageotropism',
'feature_christadelphian_euclidean_boon',
'feature_leisurable_dehortatory_pretoria',
'feature_hypertensive_aroused_urquhart',
'feature_mortal_sovran_powerboat',
'feature_driving_neurasthenic_perimysium',
'feature_conscionable_insouciant_pariah',
'feature_hexametric_ventricose_limnology',
'feature_enlightening_mirthful_laurencin',
'feature_ectodermal_unfeigning_chester',
'feature_discrepant_ventral_shicker',
'feature_flakiest_fleecy_novelese',
'feature_armoured_finable_skywriter',
'feature_unnourishing_indiscreet_occiput',
'feature_unwonted_trusted_fixative',
'feature_escutcheoned_timocratic_kotwal',
'feature_rimmed_conditional_archipelago',
'feature_twisty_adequate_minutia',
'feature_conjugal_postvocalic_rowe',
'feature_travelled_semipermeable_perruquier',
'feature_encased_jutting_gasometer',
'feature_vestmental_hoofed_transpose',
'feature_hieroglyphic_scalar_synchroflash',
'feature_encompassing_skeptical_salience',
'feature_brushed_psychiatrical_lubbock',
'feature_bipinnate_oriented_earmuff',
'feature_draconic_contractible_romper',
'feature_reported_slimy_rhapsody',
'feature_interrogatory_isohyetal_atacamite',
'feature_heliotropic_inane_papistry',
'feature_qualifiable_dragging_mankind',
'feature_atlantic_uveal_incommunicability',
'feature_undirected_perdu_ylem',
'feature_ratlike_matrilinear_collapsability',
'feature_mucky_loanable_gastrostomy',
'feature_cairned_fumiest_ordaining',
'feature_theocratical_shredded_categorist',
'feature_roiling_trimeric_kurosawa',
'feature_acerb_venusian_piety',
'feature_autarkic_constabulary_dukedom',
'feature_petitionary_evanescent_diallage',
'feature_attainable_solonian_impropriator',
'feature_spagyric_echt_alum',
'feature_auxetic_cholagogue_sexton',
'feature_arillate_nickelic_hemorrhage',
'feature_brawny_confocal_frail',
'feature_silver_handworked_scauper',
'feature_hypersonic_volcanological_footwear',
'feature_demisable_expiring_millepede',
'feature_jerkwater_eustatic_electrocardiograph',
'feature_isotopic_hymenial_starwort',
'feature_covalent_methodological_brash',
'feature_base_ingrain_calligrapher',
'feature_mobile_savoyard_maidenhead',
'feature_unsparred_scarabaeid_anthologist',
'feature_polybasic_unbreathed_magdeburg',
'feature_frequentative_participial_waft',
'feature_unbenign_unpromising_aglet',
'feature_invalid_chromatographic_cornishman',
'feature_equiprobable_unsisterly_mississauga',
'feature_prevailing_nubile_hearst',
'feature_canalicular_peeling_lilienthal',
'feature_inseminated_filarial_mesoderm',
'feature_bloodied_twinkling_andante',
'feature_brachydactylic_azonic_strife',
'feature_unheaded_unmated_behaviour',
'feature_busty_unfitted_keratotomy',
'feature_epitaxial_loathsome_essen',
'feature_dentilingual_removed_osmometer',
'feature_pseudo_ungeared_dullard',
'feature_fissirostral_multifoliate_chillon',
'feature_fescennine_intramundane_flamen',
'feature_gymnastic_neap_thoracostomy',
'feature_substandard_permissible_paresthesia',
'feature_curvier_antinodal_absolute',
'feature_watery_behaviorist_incitation',
'feature_hibernating_soritic_croupe',
'feature_indefatigable_enterprising_calf',
'feature_clawed_unwept_adaptability',
'feature_pozzolanic_keltic_nymphomania',
'feature_tonal_graptolitic_corsac',
'feature_interfertile_neozoic_solder',
'feature_muddier_besieged_escarp',
'feature_unrated_intact_balmoral',
'feature_flintier_enslaved_borsch',
'feature_bipinnate_oriented_earmuff',
'feature_buxom_curtained_sienna',
'feature_reserved_cleanable_soldan',
'feature_assertive_worsened_scarper',
'feature_congenial_transmigrant_isobel',
'feature_haziest_lifelike_horseback',
'feature_chuffier_analectic_conchiolin',
'feature_driving_neurasthenic_perimysium',
'feature_spagyric_echt_alum',
'feature_barest_kempt_crowd',
'feature_lofty_acceptable_challenge',
'feature_planned_superimposed_bend',
'feature_massed_nonracial_ecclesiologist',
'feature_untumbled_histologic_inion',
'feature_renegade_undomestic_milord',
'feature_apomictical_motorized_vaporisation',
'feature_liege_unexercised_ennoblement',
'feature_phellogenetic_vibrational_jocelyn',
'feature_hemispherical_unabsolved_aeolipile',
'feature_rationalist_crippled_dreadnaught',
'feature_westering_immunosuppressive_crapaud',
'feature_basaltic_arid_scallion',
'feature_armoured_finable_skywriter',
'feature_incitant_trochoidal_oculist',
'feature_instrumentalist_extrovert_cassini',
'feature_intended_involute_highbinder',
'feature_unvaried_social_bangkok',
'feature_intermontane_vertical_moo',
'feature_exorbitant_myeloid_crinkle',
'feature_base_ingrain_calligrapher',
'feature_patristical_analysable_langouste',
'feature_huskiest_compartmental_jacquerie',
'feature_puberulent_nondescript_laparoscope',
'feature_vedic_mitral_swiz',
'feature_frequentative_participial_waft',
'feature_unbenign_unpromising_aglet',
'feature_inseminated_filarial_mesoderm',
'feature_fragrant_fifteen_brian',
'feature_undivorced_unsatisfying_praetorium',
'feature_gullable_sanguine_incongruity',
'feature_moralistic_heartier_typhoid',
'feature_hagiographical_swelling_homager',
'feature_impractical_endorsed_tide',
'feature_close_abloom_boomlet',
'feature_more_hindoo_diageotropism',
'feature_incommensurable_diffused_curability',
'feature_autarkic_constabulary_dukedom',
'feature_gay_deceased_reen',
'feature_opposable_argumentative_mesoblast',
'feature_christadelphian_euclidean_boon',
'feature_brushed_psychiatrical_lubbock',
'feature_leukemic_paler_millikan',
'feature_unco_terefah_thirster',
'feature_epitaxial_loathsome_essen',
'feature_draconic_contractible_romper',
'feature_hypertensive_aroused_urquhart',
'feature_reported_slimy_rhapsody',
'feature_interrogatory_isohyetal_atacamite',
'feature_heliotropic_inane_papistry',
'feature_assenting_darn_arthropod',
'feature_attainable_solonian_impropriator',
'feature_unwarrantable_egotistic_guayule',
'feature_unministerial_albinotic_salish',
'feature_auxetic_cholagogue_sexton',
'feature_arillate_nickelic_hemorrhage',
'feature_unsurveyed_boyish_aleph',
'feature_qualifiable_dragging_mankind',
'feature_yearning_tippy_taking',
'feature_unforbidden_highbrow_kafir',
'feature_hypertensive_seared_adenauer',
'feature_silver_handworked_scauper',
'feature_myological_adducent_puebla',
'feature_severe_tricky_pinochle',
'feature_calculating_unenchanted_microscopium',
'feature_coalier_typhoid_muntin',
'feature_atlantic_uveal_incommunicability',
'feature_commensurable_industrial_jungfrau',
'feature_ectodermal_unfeigning_chester',
'feature_fescennine_intramundane_flamen',
'feature_vulcanological_sepulchral_spean',
'feature_beery_somatologic_elimination',
'feature_ratlike_matrilinear_collapsability',
'feature_discrepant_ventral_shicker',
'feature_jiggish_tritheist_probity',
'feature_precooled_inoperable_credence',
'feature_gleetier_unpared_pentecost',
'feature_rheumy_epistemic_prancer',
'feature_cambial_bigoted_bacterioid',
'feature_strychnic_structuralist_chital',
'feature_whitened_remanent_blast',
'feature_headhunting_unsatisfied_phenomena',
'feature_emmetropic_heraclitean_conducting',
'feature_whopping_eminent_attempter',
'feature_lowermost_tetrastichic_transvestism',
'feature_unrelieved_rawish_cement',
'feature_watery_behaviorist_incitation',
'feature_hibernating_soritic_croupe',
'feature_roiling_trimeric_kurosawa',
'feature_unluckiest_mulley_benzyl',
'feature_canalicular_peeling_lilienthal',
'feature_escutcheoned_timocratic_kotwal',
'feature_clawed_unwept_adaptability',
'feature_acerb_venusian_piety',
'feature_seclusive_emendatory_plangency',
'feature_rimmed_conditional_archipelago',
'feature_limitable_astable_physiology',
'feature_bloodied_twinkling_andante',
'feature_travelled_semipermeable_perruquier',
'feature_tonal_graptolitic_corsac',
'feature_pozzolanic_keltic_nymphomania',
'feature_ovular_powered_neckar',
'feature_busty_unfitted_keratotomy',
'feature_twisty_adequate_minutia',
'feature_stylistic_honduran_comprador',
'feature_uncharged_unovercome_smolder',
'feature_interfertile_neozoic_solder',
'feature_muddier_besieged_escarp',
'feature_unrated_intact_balmoral',
'feature_flintier_enslaved_borsch',
'feature_buxom_curtained_sienna',
'feature_reserved_cleanable_soldan',
'feature_assertive_worsened_scarper',
'feature_reported_slimy_rhapsody',
'feature_interrogatory_isohyetal_atacamite',
'feature_haziest_lifelike_horseback',
'feature_chuffier_analectic_conchiolin',
'feature_unsurveyed_boyish_aleph',
'feature_barest_kempt_crowd',
'feature_yearning_tippy_taking',
'feature_lofty_acceptable_challenge',
'feature_planned_superimposed_bend',
'feature_massed_nonracial_ecclesiologist',
'feature_untumbled_histologic_inion',
'feature_renegade_undomestic_milord',
'feature_silver_handworked_scauper',
'feature_severe_tricky_pinochle',
'feature_coalier_typhoid_muntin',
'feature_apomictical_motorized_vaporisation',
'feature_hemispherical_unabsolved_aeolipile',
'feature_rationalist_crippled_dreadnaught',
'feature_discrepant_ventral_shicker',
'feature_westering_immunosuppressive_crapaud',
'feature_vulcanological_sepulchral_spean',
'feature_precooled_inoperable_credence',
'feature_instrumentalist_extrovert_cassini',
'feature_conjugal_postvocalic_rowe',
'feature_intended_involute_highbinder',
'feature_headhunting_unsatisfied_phenomena',
'feature_isotopic_hymenial_starwort',
'feature_unvaried_social_bangkok',
'feature_intermontane_vertical_moo',
'feature_exorbitant_myeloid_crinkle',
'feature_patristical_analysable_langouste',
'feature_huskiest_compartmental_jacquerie',
'feature_puberulent_nondescript_laparoscope',
'feature_vedic_mitral_swiz',
'feature_hibernating_soritic_croupe',
'feature_unbenign_unpromising_aglet',
'feature_canalicular_peeling_lilienthal',
'feature_inseminated_filarial_mesoderm',
'feature_fragrant_fifteen_brian',
'feature_undivorced_unsatisfying_praetorium',
'feature_gullable_sanguine_incongruity',
'feature_moralistic_heartier_typhoid',
'feature_twisty_adequate_minutia',
'feature_hagiographical_swelling_homager',
'feature_travelled_semipermeable_perruquier',
'feature_stylistic_honduran_comprador',
'feature_uncharged_unovercome_smolder',
'feature_impractical_endorsed_tide',
'feature_close_abloom_boomlet',
'feature_more_hindoo_diageotropism',
'feature_hypertensive_aroused_urquhart',
'feature_unwarrantable_egotistic_guayule',
'feature_sudsy_polymeric_posteriority',
'feature_liege_unexercised_ennoblement',
'feature_ruthenian_uncluttered_vocalizing',
'feature_ectodermal_unfeigning_chester',
'feature_gleetier_unpared_pentecost',
'feature_flakiest_fleecy_novelese',
'feature_armoured_finable_skywriter',
'feature_incitant_trochoidal_oculist',
'feature_cambial_bigoted_bacterioid',
'feature_strychnic_structuralist_chital',
'feature_illiterate_stomachal_terpene',
'feature_nucleophilic_uremic_endogen',
'feature_thumblike_aniconic_plantagenet',
'feature_unrelieved_rawish_cement',
'feature_extractable_serrulate_swing',
'feature_beady_unkind_barret',
'feature_escutcheoned_timocratic_kotwal',
'feature_devoted_straggly_charlotte',
'feature_seclusive_emendatory_plangency',
'feature_rimmed_conditional_archipelago',
'feature_encased_jutting_gasometer',
'feature_leukemic_paler_millikan',
'feature_brushed_psychiatrical_lubbock',
'feature_bipinnate_oriented_earmuff',
'feature_uncertified_myrmecological_nagger',
'feature_congenial_transmigrant_isobel',
'feature_qualifiable_dragging_mankind',
'feature_introvert_symphysial_assegai',
'feature_atlantic_uveal_incommunicability',
'feature_tiniest_rangiest_investment',
'feature_ratlike_matrilinear_collapsability',
'feature_citified_certified_progestin',
'feature_accusatory_disinfectant_deportment',
'feature_theocratical_shredded_categorist',
'feature_emmetropic_heraclitean_conducting',
'feature_lowermost_tetrastichic_transvestism',
'feature_croupiest_shaded_thermotropism',
'feature_acerb_venusian_piety',
'feature_limitable_astable_physiology',
'feature_univalve_abdicant_distrail',
'feature_incommensurable_diffused_curability',
'feature_sludgy_implemental_sicily',
'feature_autarkic_constabulary_dukedom',
'feature_innumerate_alated_soliped',
'feature_petitionary_evanescent_diallage',
'feature_attuned_southward_heckle',
'feature_spagyric_echt_alum',
'feature_auxetic_cholagogue_sexton',
'feature_arillate_nickelic_hemorrhage',
'feature_euterpean_frazzled_williamsburg',
'feature_jerkwater_eustatic_electrocardiograph',
'feature_unaltered_squeezable_subway',
'feature_base_ingrain_calligrapher',
'feature_unsparred_scarabaeid_anthologist',
'feature_polybasic_unbreathed_magdeburg',
'feature_frequentative_participial_waft',
'feature_revitalizing_dashing_photomultiplier',
'feature_abstersive_emotional_misinterpreter',
'feature_twilled_eliminable_orthoepy',
'feature_prevailing_nubile_hearst',
'feature_verism_awing_countrywoman',
'feature_aesthetical_daltonian_anemology',
'feature_epitaxial_loathsome_essen',
'feature_dentilingual_removed_osmometer',
'feature_dreary_penal_acroterium',
'feature_phellogenetic_vibrational_jocelyn',
'feature_fescennine_intramundane_flamen',
'feature_basaltic_arid_scallion',
'feature_crowning_frustrate_kampala',
'feature_whitened_remanent_blast',
'feature_amygdaloidal_intersectional_canonry',
'feature_watery_behaviorist_incitation',
'feature_clawed_unwept_adaptability',
'feature_pozzolanic_keltic_nymphomania',
'feature_tonal_graptolitic_corsac',
'feature_interfertile_neozoic_solder',
'feature_muddier_besieged_escarp',
'feature_unrated_intact_balmoral',
'feature_flintier_enslaved_borsch',
'feature_bipinnate_oriented_earmuff',
'feature_buxom_curtained_sienna',
'feature_hypertensive_aroused_urquhart',
'feature_reserved_cleanable_soldan',
'feature_assertive_worsened_scarper',
'feature_reported_slimy_rhapsody',
'feature_congenial_transmigrant_isobel',
'feature_haziest_lifelike_horseback',
'feature_chuffier_analectic_conchiolin',
'feature_barest_kempt_crowd',
'feature_lofty_acceptable_challenge',
'feature_planned_superimposed_bend',
'feature_massed_nonracial_ecclesiologist',
'feature_untumbled_histologic_inion',
'feature_introvert_symphysial_assegai',
'feature_renegade_undomestic_milord',
'feature_liege_unexercised_ennoblement',
'feature_phellogenetic_vibrational_jocelyn',
'feature_hemispherical_unabsolved_aeolipile',
'feature_discrepant_ventral_shicker',
'feature_westering_immunosuppressive_crapaud',
'feature_vulcanological_sepulchral_spean',
'feature_precooled_inoperable_credence',
'feature_armoured_finable_skywriter',
'feature_instrumentalist_extrovert_cassini',
'feature_intended_involute_highbinder',
'feature_unvaried_social_bangkok',
'feature_intermontane_vertical_moo',
'feature_exorbitant_myeloid_crinkle',
'feature_unrelieved_rawish_cement',
'feature_patristical_analysable_langouste',
'feature_huskiest_compartmental_jacquerie',
'feature_puberulent_nondescript_laparoscope',
'feature_vedic_mitral_swiz',
'feature_unbenign_unpromising_aglet',
'feature_prevailing_nubile_hearst',
'feature_inseminated_filarial_mesoderm',
'feature_fragrant_fifteen_brian',
'feature_undivorced_unsatisfying_praetorium',
'feature_gullable_sanguine_incongruity',
'feature_moralistic_heartier_typhoid',
'feature_bloodied_twinkling_andante',
'feature_hagiographical_swelling_homager',
'feature_tonal_graptolitic_corsac',
'feature_twisty_adequate_minutia',
'feature_travelled_semipermeable_perruquier',
'feature_encased_jutting_gasometer',
'feature_uncharged_unovercome_smolder',
'feature_impractical_endorsed_tide',
'feature_close_abloom_boomlet',
'feature_more_hindoo_diageotropism',
'feature_incommensurable_diffused_curability',
'feature_autarkic_constabulary_dukedom',
'feature_gay_deceased_reen',
'feature_opposable_argumentative_mesoblast',
'feature_aesthetical_daltonian_anemology',
'feature_brushed_psychiatrical_lubbock',
'feature_draconic_contractible_romper',
'feature_dentilingual_removed_osmometer',
'feature_attuned_southward_heckle',
'feature_heliotropic_inane_papistry',
'feature_malagasy_abounding_circumciser',
'feature_gutta_exploitive_simpson',
'feature_unsurveyed_boyish_aleph',
'feature_dyeline_catechistic_placet',
'feature_hexametric_ventricose_limnology',
'feature_inhabited_collectable_soda',
'feature_epicurean_fetal_seising',
'feature_silver_handworked_scauper',
'feature_sudsy_polymeric_posteriority',
'feature_accessorial_aroused_crochet',
'feature_severe_tricky_pinochle',
'feature_apomictical_motorized_vaporisation',
'feature_calculating_unenchanted_microscopium',
'feature_tiniest_rangiest_investment',
'feature_undirected_perdu_ylem',
'feature_untouchable_unsolvable_agouti',
'feature_commensurable_industrial_jungfrau',
'feature_sulkier_inebriated_sadduceeism',
'feature_coalier_typhoid_muntin',
'feature_demisable_expiring_millepede',
'feature_fescennine_intramundane_flamen',
'feature_ratlike_matrilinear_collapsability',
'feature_beery_somatologic_elimination',
'feature_theban_byronic_prolation',
'feature_rheumy_epistemic_prancer',
'feature_basaltic_arid_scallion',
'feature_stereo_orthotone_infernal',
'feature_mucky_loanable_gastrostomy',
'feature_jerkwater_eustatic_electrocardiograph',
'feature_incitant_trochoidal_oculist',
'feature_cambial_bigoted_bacterioid',
'feature_cairned_fumiest_ordaining',
'feature_conjugal_postvocalic_rowe',
'feature_strychnic_structuralist_chital',
'feature_revealable_aeonian_elvira',
'feature_whitened_remanent_blast',
'feature_amygdaloidal_intersectional_canonry',
'feature_lowermost_tetrastichic_transvestism',
'feature_culinary_pro_offering',
'feature_base_ingrain_calligrapher',
'feature_extractable_serrulate_swing',
'feature_watery_behaviorist_incitation',
'feature_hibernating_soritic_croupe',
'feature_roiling_trimeric_kurosawa',
'feature_frequentative_participial_waft',
'feature_coveted_finniest_lipogram',
'feature_recidivism_petitory_methyltestosterone',
'feature_tranquilizing_abashed_glyceria',
'feature_saving_inhabitable_lighthouse',
'feature_abstersive_emotional_misinterpreter',
'feature_bleeding_arabesque_pneuma',
'feature_nubblier_plosive_deepening',
'feature_canalicular_peeling_lilienthal',
'feature_congenital_conched_perithecium',
'feature_acerb_venusian_piety',
'feature_forficate_martensitic_huckaback',
'feature_rimmed_conditional_archipelago',
'feature_limitable_astable_physiology',
'feature_pozzolanic_keltic_nymphomania',
'feature_verism_awing_countrywoman',
'feature_busty_unfitted_keratotomy',
'feature_stylistic_honduran_comprador',
'feature_gay_deceased_reen',
'feature_flintier_enslaved_borsch',
'feature_deathy_hylomorphic_christine',
'feature_rowable_unshod_noise',
'feature_casemated_ibsenian_grantee',
'feature_reported_slimy_rhapsody',
'feature_haziest_lifelike_horseback',
'feature_titillative_pledged_breccia',
'feature_lofty_acceptable_challenge',
'feature_silver_handworked_scauper',
'feature_introvert_symphysial_assegai',
'feature_massed_nonracial_ecclesiologist',
'feature_venatic_intermetallic_darling',
'feature_intersubjective_juristic_sagebrush',
'feature_ectodermal_unfeigning_chester',
'feature_unvaried_social_bangkok',
'feature_intermontane_vertical_moo',
'feature_thumblike_aniconic_plantagenet',
'feature_exorbitant_myeloid_crinkle',
'feature_aberdeen_tangled_providence',
'feature_communicatory_unrecommended_velure',
'feature_prevailing_nubile_hearst',
'feature_canalicular_peeling_lilienthal',
'feature_undivorced_unsatisfying_praetorium',
'feature_unaired_operose_lactoprotein',
'feature_gullable_sanguine_incongruity',
'feature_moralistic_heartier_typhoid',
'feature_travelled_semipermeable_perruquier',
'feature_qualifiable_dragging_mankind',
'feature_earthlier_parian_pistachio',
'feature_hillier_unpitied_theobromine',
'feature_sudsy_polymeric_posteriority',
'feature_headhunting_unsatisfied_phenomena',
'feature_coactive_prefatorial_lucy',
'feature_dreary_penal_acroterium',
'feature_gay_deceased_reen',
'feature_flintier_enslaved_borsch',
'feature_rowable_unshod_noise',
'feature_haziest_lifelike_horseback',
'feature_dreary_penal_acroterium',
'feature_lofty_acceptable_challenge',
'feature_silver_handworked_scauper',
'feature_massed_nonracial_ecclesiologist',
'feature_intersubjective_juristic_sagebrush',
'feature_beery_somatologic_elimination',
'feature_precooled_inoperable_credence',
'feature_crowning_frustrate_kampala',
'feature_unvaried_social_bangkok',
'feature_intermontane_vertical_moo',
'feature_exorbitant_myeloid_crinkle',
'feature_antichristian_slangiest_idyllist',
'feature_prevailing_nubile_hearst',
'feature_canalicular_peeling_lilienthal',
'feature_undivorced_unsatisfying_praetorium',
'feature_gullable_sanguine_incongruity',
'feature_moralistic_heartier_typhoid',
'feature_travelled_semipermeable_perruquier',
'feature_christadelphian_euclidean_boon',
'feature_draconic_contractible_romper',
'feature_interrogatory_isohyetal_atacamite',
'feature_unwarrantable_egotistic_guayule',
'feature_chillier_consultatory_latest',
"feature_dirtiest_possessory_nuku'alofa",
'feature_necrophiliac_unsublimated_rudd',
'feature_sudsy_polymeric_posteriority',
'feature_jammed_morphotic_destruction',
'feature_conjunctional_maned_banian',
'feature_flakiest_fleecy_novelese',
'feature_irresponsive_compositive_ramson',
'feature_zoochemical_brimful_hector',
'feature_delimited_doable_jim',
'feature_huskiest_compartmental_jacquerie',
'feature_inelastic_verist_graf',
'feature_earthlier_parian_pistachio',
'feature_brittle_chautauqua_elite',
'feature_branched_dilatory_sunbelt',
'feature_unaired_operose_lactoprotein',
'feature_flintier_enslaved_borsch',
'feature_deathy_hylomorphic_christine',
'feature_buxom_curtained_sienna',
'feature_rowable_unshod_noise',
'feature_haziest_lifelike_horseback',
'feature_dreary_penal_acroterium',
'feature_lofty_acceptable_challenge',
'feature_mandibulate_whining_localizer',
'feature_silver_handworked_scauper',
'feature_massed_nonracial_ecclesiologist',
'feature_crowning_frustrate_kampala',
'feature_unvaried_social_bangkok',
'feature_intermontane_vertical_moo',
'feature_exorbitant_myeloid_crinkle',
'feature_aberdeen_tangled_providence',
'feature_amygdaloidal_intersectional_canonry',
'feature_antichristian_slangiest_idyllist',
'feature_prevailing_nubile_hearst',
'feature_canalicular_peeling_lilienthal',
'feature_undivorced_unsatisfying_praetorium',
'feature_moralistic_heartier_typhoid',
'feature_travelled_semipermeable_perruquier',
'feature_glare_factional_assessment',
'feature_pert_performative_hormuz',
'feature_aesthetical_daltonian_anemology',
'feature_hillier_unpitied_theobromine',
'feature_unforbidden_highbrow_kafir',
'feature_unlike_creeping_mammock',
'feature_floricultural_unimpeded_nomen',
'feature_communicatory_unrecommended_velure',
'feature_venatic_intermetallic_darling',
'feature_delimited_doable_jim',
'feature_dentilingual_removed_osmometer',
'feature_unaired_operose_lactoprotein',
'feature_equipotent_undefeated_anointer',
'feature_intersubjective_juristic_sagebrush',
'feature_thumblike_aniconic_plantagenet',
'feature_flintier_enslaved_borsch',
'feature_rowable_unshod_noise',
'feature_haziest_lifelike_horseback',
'feature_lofty_acceptable_challenge',
'feature_silver_handworked_scauper',
'feature_introvert_symphysial_assegai',
'feature_jammed_morphotic_destruction',
'feature_beery_somatologic_elimination',
'feature_cromwellian_imbecilic_algonkian',
'feature_unvaried_social_bangkok',
'feature_emmetropic_heraclitean_conducting',
'feature_exorbitant_myeloid_crinkle',
'feature_antichristian_slangiest_idyllist',
'feature_unwonted_trusted_fixative',
'feature_twilled_eliminable_orthoepy',
'feature_communicatory_unrecommended_velure',
'feature_canalicular_peeling_lilienthal',
'feature_undivorced_unsatisfying_praetorium',
'feature_moralistic_heartier_typhoid',
'feature_travelled_semipermeable_perruquier',
'feature_glare_factional_assessment',
'feature_pert_performative_hormuz',
'feature_gay_deceased_reen',
'feature_cambial_bigoted_bacterioid',
'feature_unforbidden_highbrow_kafir',
'feature_autarkic_constabulary_dukedom',
'feature_hillier_unpitied_theobromine',
'feature_prevailing_nubile_hearst',
'feature_dreary_penal_acroterium',
'feature_delimited_doable_jim',
'feature_gullable_sanguine_incongruity',
'feature_assenting_darn_arthropod',
'feature_intersubjective_juristic_sagebrush',
'feature_kenotic_hispanic_yulan',
'feature_unwarrantable_egotistic_guayule',
'feature_ctenoid_moaning_fontainebleau',
'feature_inelastic_verist_graf',
'feature_agile_unrespited_gaucho',
'feature_haziest_lifelike_horseback',
'feature_lofty_acceptable_challenge',
'feature_silver_handworked_scauper',
'feature_introvert_symphysial_assegai',
'feature_jiggish_tritheist_probity',
'feature_headhunting_unsatisfied_phenomena',
'feature_unvaried_social_bangkok',
'feature_exorbitant_myeloid_crinkle',
'feature_glare_factional_assessment',
'feature_subglobular_unsalable_patzer',
'feature_canalicular_peeling_lilienthal',
'feature_branched_dilatory_sunbelt',
'feature_grandmotherly_circumnavigable_homonymity',
'feature_undivorced_unsatisfying_praetorium',
'feature_unaired_operose_lactoprotein',
'feature_gullable_sanguine_incongruity',
'feature_moralistic_heartier_typhoid',
'feature_travelled_semipermeable_perruquier',
'feature_crowning_frustrate_kampala',
'feature_inexpugnable_gleg_candelilla',
'feature_interdigital_sewn_glucagon',
'feature_dyeline_catechistic_placet',
'feature_yearning_tippy_taking',
'feature_gay_deceased_reen',
'feature_protolithic_ontogenic_fusibility',
'feature_flintier_enslaved_borsch',
'feature_communicatory_unrecommended_velure',
'feature_ambisexual_boiled_blunderer',
'feature_apomictical_motorized_vaporisation',
'feature_bhutan_imagism_dolerite',
'feature_aberdeen_tangled_providence',
'feature_puberulent_nondescript_laparoscope',
'feature_gregorian_electromagnetic_hepar',
'feature_antichristian_slangiest_idyllist',
'feature_crowning_frustrate_kampala',
'feature_cambial_bigoted_bacterioid',
'feature_lofty_acceptable_challenge',
'feature_flintier_enslaved_borsch',
'feature_communicatory_unrecommended_velure',
'feature_haziest_lifelike_horseback',
'feature_canalicular_peeling_lilienthal',
'feature_unvaried_social_bangkok',
'feature_undivorced_unsatisfying_praetorium',
'feature_exorbitant_myeloid_crinkle',
'feature_moralistic_heartier_typhoid',
'feature_beery_somatologic_elimination',
'feature_travelled_semipermeable_perruquier',
'feature_antichristian_slangiest_idyllist',
'feature_jerkwater_eustatic_electrocardiograph',
'feature_qualifiable_dragging_mankind',
'feature_protolithic_ontogenic_fusibility',
'feature_planned_superimposed_bend',
'feature_silver_handworked_scauper',
'feature_introvert_symphysial_assegai',
'feature_unexceptionable_saprozoic_culturist',
'feature_apomictical_motorized_vaporisation',
'feature_grandmotherly_circumnavigable_homonymity',
'feature_ambisexual_boiled_blunderer',
'feature_unaired_operose_lactoprotein',
'feature_pozzolanic_keltic_nymphomania',
'feature_unknown_reusable_cabbage',
'feature_assenting_darn_arthropod',
'feature_precooled_inoperable_credence',
'feature_palmary_hale_recital',
'feature_titillative_pledged_breccia',
'feature_univalve_abdicant_distrail',
'feature_flintier_enslaved_borsch',
'feature_buxom_curtained_sienna',
'feature_assenting_darn_arthropod',
'feature_haziest_lifelike_horseback',
'feature_titillative_pledged_breccia',
'feature_lofty_acceptable_challenge',
'feature_unforbidden_highbrow_kafir',
'feature_store_apteral_isocheim',
'feature_mandibulate_whining_localizer',
'feature_silver_handworked_scauper',
'feature_apomictical_motorized_vaporisation',
'feature_jiggish_tritheist_probity',
'feature_crowning_frustrate_kampala',
'feature_cambial_bigoted_bacterioid',
'feature_bhutan_imagism_dolerite',
'feature_unvaried_social_bangkok',
'feature_exorbitant_myeloid_crinkle',
'feature_antichristian_slangiest_idyllist',
'feature_glare_factional_assessment',
'feature_canalicular_peeling_lilienthal',
'feature_grandmotherly_circumnavigable_homonymity',
'feature_undivorced_unsatisfying_praetorium',
'feature_unaired_operose_lactoprotein',
'feature_moralistic_heartier_typhoid',
'feature_travelled_semipermeable_perruquier',
'feature_unwonted_trusted_fixative',
'feature_jerkwater_eustatic_electrocardiograph',
'feature_dyeline_catechistic_placet',
'feature_protolithic_ontogenic_fusibility',
'feature_dreary_penal_acroterium',
'feature_aberdeen_tangled_providence',
'feature_stylistic_honduran_comprador',
'feature_twisty_adequate_minutia',
'feature_puberulent_nondescript_laparoscope',
'feature_palmary_hale_recital',
'feature_unsealed_suffixal_babar',
'feature_flintier_enslaved_borsch',
'feature_haziest_lifelike_horseback',
'feature_lofty_acceptable_challenge',
'feature_silver_handworked_scauper',
'feature_introvert_symphysial_assegai',
'feature_jammed_morphotic_destruction',
'feature_beery_somatologic_elimination',
'feature_unvaried_social_bangkok',
'feature_exorbitant_myeloid_crinkle',
'feature_antichristian_slangiest_idyllist',
'feature_glare_factional_assessment',
'feature_canalicular_peeling_lilienthal',
'feature_grandmotherly_circumnavigable_homonymity',
'feature_undivorced_unsatisfying_praetorium',
'feature_gullable_sanguine_incongruity',
'feature_moralistic_heartier_typhoid',
'feature_twisty_adequate_minutia',
'feature_slack_calefacient_tableau',
'feature_travelled_semipermeable_perruquier',
'feature_unwonted_trusted_fixative',
'feature_interdigital_sewn_glucagon',
'feature_unforbidden_highbrow_kafir',
'feature_mandibulate_whining_localizer',
'feature_massed_nonracial_ecclesiologist',
'feature_communicatory_unrecommended_velure',
'feature_draconic_contractible_romper',
'feature_winsome_irreproachable_milkfish',
'feature_chuffier_analectic_conchiolin',
'feature_roiling_trimeric_kurosawa',
'feature_more_hindoo_diageotropism',
'feature_incommensurable_diffused_curability',
'feature_interfertile_neozoic_solder',
'feature_autarkic_constabulary_dukedom',
'feature_christadelphian_euclidean_boon',
'feature_volitional_ascensive_selfhood',
'feature_encompassing_skeptical_salience',
'feature_flintier_enslaved_borsch',
'feature_epitaxial_loathsome_essen',
'feature_bipinnate_oriented_earmuff',
'feature_unweary_congolese_captain',
'feature_buxom_curtained_sienna',
'feature_rowable_unshod_noise',
'feature_assertive_worsened_scarper',
'feature_reported_slimy_rhapsody',
'feature_congenial_transmigrant_isobel',
'feature_haziest_lifelike_horseback',
'feature_chuffier_analectic_conchiolin',
'feature_mortal_sovran_powerboat',
'feature_conscionable_insouciant_pariah',
'feature_dreary_penal_acroterium',
"feature_dirtiest_possessory_nuku'alofa",
'feature_unsurveyed_boyish_aleph',
'feature_hillier_unpitied_theobromine',
'feature_lofty_acceptable_challenge',
'feature_planned_superimposed_bend',
'feature_massed_nonracial_ecclesiologist',
'feature_untumbled_histologic_inion',
'feature_introvert_symphysial_assegai',
'feature_silver_handworked_scauper',
'feature_reclinate_cruciform_lilo',
'feature_atlantic_uveal_incommunicability',
'feature_apomictical_motorized_vaporisation',
'feature_prepotent_swedish_superexcellence',
'feature_venatic_intermetallic_darling',
'feature_intersubjective_juristic_sagebrush',
'feature_discrepant_ventral_shicker',
'feature_westering_immunosuppressive_crapaud',
'feature_precooled_inoperable_credence',
'feature_basaltic_arid_scallion',
'feature_stereo_orthotone_infernal',
'feature_piffling_inflamed_jupiter',
'feature_mucky_loanable_gastrostomy',
'feature_cairned_fumiest_ordaining',
'feature_instrumentalist_extrovert_cassini',
'feature_unvaried_social_bangkok',
'feature_intermontane_vertical_moo',
'feature_exorbitant_myeloid_crinkle',
'feature_naval_edified_decarbonize',
'feature_patristical_analysable_langouste',
'feature_huskiest_compartmental_jacquerie',
'feature_puberulent_nondescript_laparoscope',
'feature_whopping_eminent_attempter',
'feature_unbenign_unpromising_aglet',
'feature_eyed_scotistic_diabolism',
'feature_loricate_cryptocrystalline_ethnology',
'feature_invalid_chromatographic_cornishman',
'feature_equiprobable_unsisterly_mississauga',
'feature_indefatigable_enterprising_calf',
'feature_bleeding_arabesque_pneuma',
'feature_prevailing_nubile_hearst',
'feature_fragrant_fifteen_brian',
'feature_limitable_astable_physiology',
'feature_gullable_sanguine_incongruity',
'feature_moralistic_heartier_typhoid',
'feature_unstacked_trackable_blizzard',
'feature_hagiographical_swelling_homager',
'feature_lipogrammatic_blowsier_seismometry',
'feature_travelled_semipermeable_perruquier',
'feature_passerine_ultraist_neon',
'feature_impractical_endorsed_tide',
'feature_multilinear_sharpened_mouse',
'feature_maximal_unobserving_desalinisation',
'feature_deathy_hylomorphic_christine',
'feature_leisurable_dehortatory_pretoria',
'feature_dentilingual_removed_osmometer',
'feature_daytime_suppurative_oximeter',
'feature_unapplicable_jerkiest_klemperer',
'feature_heliotropic_inane_papistry',
'feature_unwarrantable_egotistic_guayule',
'feature_malagasy_abounding_circumciser',
'feature_qualifiable_dragging_mankind',
'feature_hexametric_ventricose_limnology',
'feature_dyeline_catechistic_placet',
'feature_yearning_tippy_taking',
'feature_hotfoot_behaviorist_terylene',
'feature_liege_unexercised_ennoblement',
'feature_systematic_nappiest_bruiser',
'feature_tiniest_rangiest_investment',
'feature_conceding_ingrate_tablespoonful',
'feature_rheumy_epistemic_prancer',
'feature_jiggish_tritheist_probity',
'feature_flakiest_fleecy_novelese',
'feature_crowning_frustrate_kampala',
'feature_armoured_finable_skywriter',
'feature_incitant_trochoidal_oculist',
'feature_endangered_unthreaded_firebrick',
'feature_unlawful_superintendent_brunet',
'feature_headhunting_unsatisfied_phenomena',
'feature_bhutan_imagism_dolerite',
'feature_covalent_methodological_brash',
'feature_thumblike_aniconic_plantagenet',
'feature_amygdaloidal_intersectional_canonry',
'feature_base_ingrain_calligrapher',
'feature_imperviable_surprised_running',
'feature_unrelieved_rawish_cement',
'feature_unemotional_quietistic_chirper',
'feature_coactive_prefatorial_lucy',
'feature_theocratic_discriminate_subchloride',
'feature_coveted_finniest_lipogram',
'feature_earthlier_parian_pistachio',
'feature_creedal_greediest_vibrant',
'feature_dipped_sent_giuseppe',
'feature_galvanometric_sturdied_billingsgate',
'feature_branched_dilatory_sunbelt',
'feature_undivorced_unsatisfying_praetorium',
'feature_forficate_martensitic_huckaback',
'feature_unaired_operose_lactoprotein',
'feature_bloodied_twinkling_andante',
'feature_plausive_carboxyl_elaborator',
'feature_tonal_graptolitic_corsac',
'feature_incommensurable_diffused_curability',
'feature_interfertile_neozoic_solder',
'feature_autarkic_constabulary_dukedom',
'feature_christadelphian_euclidean_boon',
'feature_volitional_ascensive_selfhood',
'feature_encompassing_skeptical_salience',
'feature_flintier_enslaved_borsch',
'feature_epitaxial_loathsome_essen',
'feature_bipinnate_oriented_earmuff',
'feature_unweary_congolese_captain',
'feature_buxom_curtained_sienna',
'feature_assertive_worsened_scarper',
'feature_reported_slimy_rhapsody',
'feature_congenial_transmigrant_isobel',
'feature_haziest_lifelike_horseback',
'feature_chuffier_analectic_conchiolin',
'feature_unwarrantable_egotistic_guayule',
'feature_conscionable_insouciant_pariah',
'feature_malagasy_abounding_circumciser',
'feature_unsurveyed_boyish_aleph',
'feature_lofty_acceptable_challenge',
'feature_planned_superimposed_bend',
'feature_silver_handworked_scauper',
'feature_untumbled_histologic_inion',
'feature_massed_nonracial_ecclesiologist',
'feature_reclinate_cruciform_lilo',
'feature_atlantic_uveal_incommunicability',
'feature_liege_unexercised_ennoblement',
'feature_intersubjective_juristic_sagebrush',
'feature_discrepant_ventral_shicker',
'feature_westering_immunosuppressive_crapaud',
'feature_rheumy_epistemic_prancer',
'feature_precooled_inoperable_credence',
'feature_basaltic_arid_scallion',
'feature_crowning_frustrate_kampala',
'feature_stereo_orthotone_infernal',
'feature_piffling_inflamed_jupiter',
'feature_mucky_loanable_gastrostomy',
'feature_cairned_fumiest_ordaining',
'feature_instrumentalist_extrovert_cassini',
'feature_unvaried_social_bangkok',
'feature_intermontane_vertical_moo',
'feature_exorbitant_myeloid_crinkle',
'feature_naval_edified_decarbonize',
'feature_patristical_analysable_langouste',
'feature_puberulent_nondescript_laparoscope',
'feature_huskiest_compartmental_jacquerie',
'feature_unrelieved_rawish_cement',
'feature_frequentative_participial_waft',
'feature_unbenign_unpromising_aglet',
'feature_eyed_scotistic_diabolism',
'feature_loricate_cryptocrystalline_ethnology',
'feature_invalid_chromatographic_cornishman',
'feature_equiprobable_unsisterly_mississauga',
'feature_indefatigable_enterprising_calf',
'feature_bleeding_arabesque_pneuma',
'feature_dipped_sent_giuseppe',
'feature_fragrant_fifteen_brian',
'feature_undivorced_unsatisfying_praetorium',
'feature_limitable_astable_physiology',
'feature_gullable_sanguine_incongruity',
'feature_moralistic_heartier_typhoid',
'feature_unstacked_trackable_blizzard',
'feature_hagiographical_swelling_homager',
'feature_travelled_semipermeable_perruquier',
'feature_passerine_ultraist_neon',
'feature_more_hindoo_diageotropism',
'feature_leukemic_paler_millikan',
'feature_maximal_unobserving_desalinisation',
'feature_rowable_unshod_noise',
'feature_mortal_sovran_powerboat',
'feature_interrogatory_isohyetal_atacamite',
'feature_heliotropic_inane_papistry',
'feature_dreary_penal_acroterium',
'feature_hotfoot_behaviorist_terylene',
'feature_hillier_unpitied_theobromine',
'feature_introvert_symphysial_assegai',
'feature_apomictical_motorized_vaporisation',
'feature_systematic_nappiest_bruiser',
'feature_prepotent_swedish_superexcellence',
'feature_venatic_intermetallic_darling',
'feature_jammed_morphotic_destruction',
'feature_conceding_ingrate_tablespoonful',
'feature_headhunting_unsatisfied_phenomena',
'feature_covalent_methodological_brash',
'feature_delimited_doable_jim',
'feature_amygdaloidal_intersectional_canonry',
'feature_base_ingrain_calligrapher',
'feature_imperviable_surprised_running',
'feature_whopping_eminent_attempter',
'feature_unemotional_quietistic_chirper',
'feature_vedic_mitral_swiz',
'feature_theocratic_discriminate_subchloride',
'feature_antichristian_slangiest_idyllist',
'feature_recidivism_petitory_methyltestosterone',
'feature_revitalizing_dashing_photomultiplier',
'feature_glare_factional_assessment',
'feature_creedal_greediest_vibrant',
'feature_prevailing_nubile_hearst',
'feature_uninclosed_handcrafted_springing',
'feature_forficate_martensitic_huckaback',
'feature_unaired_operose_lactoprotein',
'feature_lipogrammatic_blowsier_seismometry',
'feature_plausive_carboxyl_elaborator',
'feature_tonal_graptolitic_corsac',
'feature_incommensurable_diffused_curability',
'feature_interfertile_neozoic_solder',
'feature_autarkic_constabulary_dukedom',
'feature_christadelphian_euclidean_boon',
'feature_volitional_ascensive_selfhood',
'feature_encompassing_skeptical_salience',
'feature_aesthetical_daltonian_anemology',
'feature_flintier_enslaved_borsch',
'feature_epitaxial_loathsome_essen',
'feature_bipinnate_oriented_earmuff',
'feature_unweary_congolese_captain',
'feature_assertive_worsened_scarper',
'feature_reported_slimy_rhapsody',
'feature_congenial_transmigrant_isobel',
'feature_haziest_lifelike_horseback',
'feature_chuffier_analectic_conchiolin',
'feature_mortal_sovran_powerboat',
'feature_conscionable_insouciant_pariah',
'feature_dreary_penal_acroterium',
'feature_unsurveyed_boyish_aleph',
'feature_yearning_tippy_taking',
'feature_lofty_acceptable_challenge',
'feature_planned_superimposed_bend',
'feature_massed_nonracial_ecclesiologist',
'feature_untumbled_histologic_inion',
'feature_silver_handworked_scauper',
'feature_reclinate_cruciform_lilo',
'feature_atlantic_uveal_incommunicability',
'feature_intersubjective_juristic_sagebrush',
'feature_discrepant_ventral_shicker',
'feature_westering_immunosuppressive_crapaud',
'feature_basaltic_arid_scallion',
'feature_crowning_frustrate_kampala',
'feature_stereo_orthotone_infernal',
'feature_mucky_loanable_gastrostomy',
'feature_piffling_inflamed_jupiter',
'feature_cairned_fumiest_ordaining',
'feature_instrumentalist_extrovert_cassini',
'feature_plausive_carboxyl_elaborator',
'feature_unvaried_social_bangkok',
'feature_intermontane_vertical_moo',
'feature_delimited_doable_jim',
'feature_exorbitant_myeloid_crinkle',
'feature_naval_edified_decarbonize',
'feature_patristical_analysable_langouste',
'feature_puberulent_nondescript_laparoscope',
'feature_huskiest_compartmental_jacquerie',
'feature_amygdaloidal_intersectional_canonry',
'feature_thumblike_aniconic_plantagenet',
'feature_theocratic_discriminate_subchloride',
'feature_biannual_maleficent_thack',
'feature_unbenign_unpromising_aglet',
'feature_antichristian_slangiest_idyllist',
'feature_eyed_scotistic_diabolism',
'feature_loricate_cryptocrystalline_ethnology',
'feature_invalid_chromatographic_cornishman',
'feature_equiprobable_unsisterly_mississauga',
'feature_indefatigable_enterprising_calf',
'feature_bleeding_arabesque_pneuma',
'feature_dipped_sent_giuseppe',
'feature_fragrant_fifteen_brian',
'feature_limitable_astable_physiology',
'feature_gullable_sanguine_incongruity',
'feature_moralistic_heartier_typhoid',
'feature_unstacked_trackable_blizzard',
'feature_hagiographical_swelling_homager',
'feature_lipogrammatic_blowsier_seismometry',
'feature_travelled_semipermeable_perruquier',
'feature_more_hindoo_diageotropism',
'feature_deathy_hylomorphic_christine',
'feature_buxom_curtained_sienna',
'feature_dentilingual_removed_osmometer',
'feature_compurgatorial_demeaning_purser',
'feature_unwarrantable_egotistic_guayule',
'feature_malagasy_abounding_circumciser',
'feature_hillier_unpitied_theobromine',
'feature_apomictical_motorized_vaporisation',
'feature_systematic_nappiest_bruiser',
'feature_prepotent_swedish_superexcellence',
'feature_precooled_inoperable_credence',
'feature_intended_involute_highbinder',
'feature_floricultural_unimpeded_nomen',
'feature_bhutan_imagism_dolerite',
'feature_covalent_methodological_brash',
'feature_imperviable_surprised_running',
'feature_vedic_mitral_swiz',
'feature_roiling_trimeric_kurosawa',
'feature_recidivism_petitory_methyltestosterone',
'feature_revitalizing_dashing_photomultiplier',
'feature_scenic_cormophytic_bilirubin',
'feature_prevailing_nubile_hearst',
'feature_behaviorist_microbiological_farina',
'feature_undivorced_unsatisfying_praetorium',
'feature_forficate_martensitic_huckaback',
'feature_fierier_goofier_follicle',
'feature_passerine_ultraist_neon',
'feature_more_hindoo_diageotropism',
'feature_incommensurable_diffused_curability',
'feature_interfertile_neozoic_solder',
'feature_autarkic_constabulary_dukedom',
'feature_christadelphian_euclidean_boon',
'feature_volitional_ascensive_selfhood',
'feature_encompassing_skeptical_salience',
'feature_flintier_enslaved_borsch',
'feature_maximal_unobserving_desalinisation',
'feature_epitaxial_loathsome_essen',
'feature_unweary_congolese_captain',
'feature_buxom_curtained_sienna',
'feature_assertive_worsened_scarper',
'feature_reported_slimy_rhapsody',
'feature_congenial_transmigrant_isobel',
'feature_haziest_lifelike_horseback',
'feature_chuffier_analectic_conchiolin',
'feature_mortal_sovran_powerboat',
'feature_conscionable_insouciant_pariah',
'feature_unsurveyed_boyish_aleph',
'feature_hotfoot_behaviorist_terylene',
'feature_hillier_unpitied_theobromine',
'feature_lofty_acceptable_challenge',
'feature_planned_superimposed_bend',
'feature_silver_handworked_scauper',
'feature_untumbled_histologic_inion',
'feature_massed_nonracial_ecclesiologist',
'feature_introvert_symphysial_assegai',
'feature_reclinate_cruciform_lilo',
'feature_atlantic_uveal_incommunicability',
'feature_apomictical_motorized_vaporisation',
'feature_prepotent_swedish_superexcellence',
'feature_intersubjective_juristic_sagebrush',
'feature_discrepant_ventral_shicker',
'feature_westering_immunosuppressive_crapaud',
'feature_precooled_inoperable_credence',
'feature_basaltic_arid_scallion',
'feature_stereo_orthotone_infernal',
'feature_crowning_frustrate_kampala',
'feature_mucky_loanable_gastrostomy',
'feature_piffling_inflamed_jupiter',
'feature_cairned_fumiest_ordaining',
'feature_instrumentalist_extrovert_cassini',
'feature_plausive_carboxyl_elaborator',
'feature_unvaried_social_bangkok',
'feature_intermontane_vertical_moo',
'feature_exorbitant_myeloid_crinkle',
'feature_naval_edified_decarbonize',
'feature_patristical_analysable_langouste',
'feature_puberulent_nondescript_laparoscope',
'feature_huskiest_compartmental_jacquerie',
'feature_vedic_mitral_swiz',
'feature_amygdaloidal_intersectional_canonry',
'feature_antichristian_slangiest_idyllist',
'feature_unbenign_unpromising_aglet',
'feature_revitalizing_dashing_photomultiplier',
'feature_eyed_scotistic_diabolism',
'feature_loricate_cryptocrystalline_ethnology',
'feature_invalid_chromatographic_cornishman',
'feature_equiprobable_unsisterly_mississauga',
'feature_indefatigable_enterprising_calf',
'feature_bleeding_arabesque_pneuma',
'feature_dipped_sent_giuseppe',
'feature_fragrant_fifteen_brian',
'feature_limitable_astable_physiology',
'feature_gullable_sanguine_incongruity',
'feature_moralistic_heartier_typhoid',
'feature_unstacked_trackable_blizzard',
'feature_hagiographical_swelling_homager',
'feature_travelled_semipermeable_perruquier',
'feature_gory_ratite_santir',
'feature_otherworldly_hallstatt_tolerator',
'feature_multilinear_sharpened_mouse',
'feature_gay_deceased_reen',
'feature_bipinnate_oriented_earmuff',
'feature_draconic_contractible_romper',
'feature_dentilingual_removed_osmometer',
'feature_fissirostral_multifoliate_chillon',
'feature_dreary_penal_acroterium',
'feature_unwarrantable_egotistic_guayule',
'feature_unministerial_albinotic_salish',
'feature_malagasy_abounding_circumciser',
'feature_pert_performative_hormuz',
'feature_renegade_undomestic_milord',
'feature_venatic_intermetallic_darling',
'feature_jammed_morphotic_destruction',
'feature_conceding_ingrate_tablespoonful',
'feature_vulcanological_sepulchral_spean',
'feature_rheumy_epistemic_prancer',
'feature_bhutan_imagism_dolerite',
'feature_delimited_doable_jim',
'feature_imperviable_surprised_running',
'feature_unemotional_quietistic_chirper',
'feature_newish_eosinophilic_sciaenoid',
'feature_theocratic_discriminate_subchloride',
'feature_unshingled_dotier_bose',
'feature_gregorian_electromagnetic_hepar',
'feature_glare_factional_assessment',
'feature_scenic_cormophytic_bilirubin',
'feature_prevailing_nubile_hearst',
'feature_galvanometric_sturdied_billingsgate',
'feature_undivorced_unsatisfying_praetorium',
'feature_lipogrammatic_blowsier_seismometry',
'feature_passerine_ultraist_neon',
'feature_impractical_endorsed_tide'